update,episodes,env_steps,mean_ep_reward,mean_ep_coverage,coverage_ratio,mean_ep_length,completion_rate,timeout_rate,collision_end_rate,wall_collision_rate,robot_collision_rate,human_collision_rate,wall_collisions_per_episode,robot_collisions_per_episode,human_collisions_per_episode,guide_hits_per_episode,guide_hit_rate,actor_loss,critic_loss,entropy,std
1470,50,18816000,-8038.6509,1.0,0.5841,2047.4,1.0,0.0,0.0,0.006354,0.00375,0.053802,2.7167,0.8,77.4834,183.433,0.094349,-0.0036,7.9582,-13.2138,1.2525
1480,100,18944000,-16981.5938,1.0,0.8187,2182.3,1.0,0.0,0.0,0.002344,0.001719,0.057292,5.75,40.1335,120.45,185.5829,0.087187,-0.0032,7.5823,-13.12,1.2586
1490,155,19072000,-18167.5449,1.0,0.8449,2151.6,1.0,0.0,0.0,0.006224,0.005156,0.060365,5.7,55.0332,123.1167,180.5997,0.08026,-0.0036,8.4235,-12.8007,1.2668
1500,212,19200000,-45540.2148,0.9996,0.7319,2463.8,0.85,0.15,0.0,0.001693,0.021797,0.175547,6.55,124.5002,280.5346,184.2163,0.064141,-0.0015,22.2562,-11.7673,1.2726
1510,248,19328000,-121830.9609,0.9964,0.8079,3072.1,0.75,0.25,0.0,0.002578,0.059245,0.292995,14.7334,45.7999,806.4614,182.5163,0.050911,-0.0023,36.6876,-10.404,1.2796
1520,297,19456000,-94147.2344,0.991,0.6524,2898.9,0.75,0.25,0.0,0.034505,0.006146,0.270547,13.6666,170.7819,579.8492,176.7997,0.059089,-0.0026,36.277,-10.8308,1.2836
1530,335,19584000,-168308.2188,0.9543,0.6846,3318.9,0.55,0.45,0.0,0.011016,0.041875,0.237604,18.0166,70.8496,1101.847,170.0997,0.059245,-0.0023,30.7488,-11.1768,1.2896
1540,369,19712000,-139531.1875,0.9711,0.7143,3185.1,0.65,0.35,0.0,0.012214,0.056354,0.346953,40.4002,76.3834,887.6461,180.1163,0.046849,-0.0026,42.7833,-10.2827,1.2909
1550,411,19840000,-172192.1094,0.9745,0.6783,3355.8,0.45,0.55,0.0,0.0075,0.048385,0.321667,79.0158,88.4668,1061.7784,173.1664,0.05276,-0.0019,39.3134,-10.2482,1.2934
1560,441,19968000,-191721.4531,0.9745,0.7492,3464.8,0.45,0.55,0.0,0.030365,0.039792,0.357292,7.65,85.1003,1263.8569,167.8331,0.043698,-0.0022,44.9366,-10.1996,1.2964
1570,482,20096000,-216236.7031,0.9281,0.7237,3563.9,0.3,0.7,0.0,0.009062,0.014062,0.400937,90.3495,115.9334,1332.0452,154.5665,0.042891,-0.0023,45.6589,-10.2747,1.3006
1580,520,20224000,-153407.3438,0.9797,0.7184,3287.6,0.5,0.5,0.0,0.005495,0.020052,0.314453,36.3666,45.4333,993.9962,176.2663,0.054896,-0.0026,37.484,-10.721,1.302
1590,559,20352000,-113113.7344,0.9902,0.7483,2944.1,0.6,0.4,0.0,0.015417,0.014271,0.370208,34.5003,52.6333,725.3638,176.0497,0.046328,-0.0025,44.0003,-10.2018,1.3082
1600,597,20480000,-208551.3438,0.9408,0.7437,3458.5,0.45,0.55,0.0,0.015286,0.04263,0.348385,89.8,84.9001,1292.531,158.7164,0.051328,-0.0024,41.7271,-10.8168,1.3085
1610,642,20608000,-153299.2344,0.9384,0.7485,3283.1,0.45,0.55,0.0,0.011849,0.02651,0.223411,76.6987,128.0826,923.5757,167.1997,0.060417,-0.0024,28.8928,-11.5841,1.3118
1620,678,20736000,-153274.5938,0.9857,0.7153,3337.0,0.5,0.5,0.0,0.018776,0.06474,0.305625,51.0334,118.6505,953.4994,177.9663,0.049661,-0.0026,37.6042,-11.4346,1.3142
1630,714,20864000,-191561.8438,0.9431,0.8094,3311.1,0.45,0.55,0.0,0.008177,0.003125,0.296927,67.5827,231.8311,1152.2629,156.4165,0.051172,-0.0021,34.7929,-11.8193,1.317
1640,759,20992000,-160880.75,0.9862,0.6911,3407.0,0.4,0.6,0.0,0.005104,0.066797,0.305807,64.0331,219.3013,956.6989,178.0663,0.050781,-0.0026,36.793,-11.6438,1.319
1650,798,21120000,-213462.8281,0.949,0.6421,3699.1,0.3,0.7,0.0,0.016849,0.008802,0.267865,36.8,282.0327,1311.4412,161.7832,0.05612,-0.0023,33.5061,-12.2241,1.3206
1660,828,21248000,-160347.5156,0.9595,0.7276,3353.6,0.55,0.45,0.0,0.024766,0.06151,0.312865,51.1834,48.4004,1022.7985,163.4831,0.047943,-0.0026,38.5704,-11.5143,1.3214
1670,874,21376000,-115673.0781,0.9358,0.7266,2901.2,0.7,0.3,0.0,0.010339,0.027995,0.268568,120.8989,86.0672,642.6266,161.4831,0.056536,-0.0018,32.8046,-12.032,1.3247
1680,912,21504000,-170608.7969,0.9777,0.7422,3513.4,0.4,0.6,0.0,0.008568,0.050651,0.298073,45.0833,80.8834,1086.7278,177.633,0.053229,-0.0024,36.3239,-11.6819,1.3265
1690,949,21632000,-162423.7188,0.9579,0.7467,3357.1,0.6,0.4,0.0,0.006667,0.068906,0.330391,93.8168,58.4335,991.7679,172.2331,0.047891,-0.0027,40.2764,-11.6198,1.3281
1700,989,21760000,-172695.6875,0.963,0.7444,3391.9,0.5,0.5,0.0,0.003281,0.020677,0.303568,13.7,130.8006,1115.045,172.5497,0.055885,-0.0017,35.4253,-11.9561,1.3307
1710,1030,21888000,-111019.2969,0.9846,0.7309,3046.6,0.7,0.3,0.0,0.013333,0.060443,0.282682,25.4666,41.3333,723.8333,181.5329,0.051146,-0.0021,35.2681,-11.7937,1.3347
1720,1073,22016000,-131180.4531,0.9561,0.705,3220.0,0.6,0.4,0.0,0.010833,0.001146,0.187708,58.4669,236.2995,757.5792,172.5164,0.06625,-0.0024,25.9385,-12.8602,1.3367
1730,1109,22144000,-143281.3281,0.9866,0.7239,3265.5,0.6,0.4,0.0,0.015599,0.096667,0.258359,21.3167,188.8169,892.0112,175.433,0.054792,-0.002,33.6361,-11.7794,1.339
1740,1155,22272000,-75423.0312,0.9921,0.7376,2771.9,0.75,0.25,0.0,0.023151,0.039948,0.250885,26.8333,101.6676,465.0677,180.783,0.056719,-0.0024,31.3152,-12.3234,1.3428
1750,1194,22400000,-197144.3125,0.9544,0.691,3468.8,0.4,0.6,0.0,0.016224,0.072422,0.257812,33.4502,262.0978,1213.269,168.4497,0.057057,-0.0023,32.3452,-12.0441,1.3424
1760,1232,22528000,-134387.1406,0.9883,0.7143,3222.9,0.7,0.3,0.0,0.012734,0.029896,0.276458,15.4167,122.2007,861.8278,179.3496,0.058776,-0.0022,32.8396,-12.4405,1.3428
1770,1272,22656000,-161352.4219,0.9387,0.7488,3154.7,0.6,0.4,0.0,0.029948,0.026458,0.238464,49.4835,85.6673,1018.4279,163.3997,0.060234,-0.0024,31.2773,-12.4587,1.3449
1780,1312,22784000,-137213.1406,0.9965,0.7469,3263.9,0.65,0.35,0.0,0.019401,0.018255,0.25224,76.25,97.45,828.6831,188.8995,0.05901,-0.0023,33.0486,-12.4176,1.3475
1790,1347,22912000,-145528.625,0.9882,0.8138,3261.1,0.55,0.45,0.0,0.020911,0.041667,0.27401,50.6835,157.7837,887.8937,180.4163,0.052786,-0.0023,33.5604,-12.3095,1.3508
1800,1394,23040000,-117296.3359,0.9849,0.7328,3130.1,0.6,0.4,0.0,0.009089,0.020703,0.203073,41.2168,178.3333,703.3821,188.1995,0.062552,-0.0021,26.7978,-13.2119,1.3549
1810,1432,23168000,-111404.6016,0.9924,0.7763,3123.4,0.6,0.4,0.0,0.01112,0.040469,0.271406,38.5666,20.8667,720.4321,186.7829,0.050339,-0.0024,33.4718,-12.5507,1.3572
1820,1471,23296000,-175187.4688,0.9595,0.77,3561.6,0.4,0.6,0.0,0.004219,0.060104,0.228359,48.7332,108.1331,1103.0754,180.1162,0.058776,-0.002,29.832,-12.8852,1.3593
1830,1514,23424000,-78257.2109,0.9932,0.7542,2867.2,0.85,0.15,0.0,0.005885,0.015312,0.195859,22.35,8.45,520.4387,189.3329,0.062578,-0.0017,23.6386,-13.4178,1.3624
1840,1552,23552000,-99245.4766,0.9822,0.7817,3099.2,0.65,0.35,0.0,0.019922,0.047031,0.210286,21.8,22.0667,654.8304,188.9329,0.055104,-0.0022,28.7505,-13.3945,1.3646
1850,1595,23680000,-100258.6719,0.9763,0.7697,3083.9,0.75,0.25,0.0,0.010078,0.005052,0.184766,38.6835,53.6672,634.0451,178.5996,0.063698,-0.0023,24.2248,-14.0753,1.3656
1860,1640,23808000,-86314.0156,0.997,0.7792,2993.1,0.65,0.35,0.0,0.003151,0.030234,0.188698,24.85,108.8336,537.0341,188.7329,0.065365,-0.002,24.1242,-13.8525,1.368
1870,1684,23936000,-90357.4688,0.9862,0.7139,3147.8,0.75,0.25,0.0,0.01375,0.017161,0.127604,11.9167,82.4506,585.4167,186.2829,0.063932,-0.0019,19.9179,-14.4207,1.3682
1880,1724,24064000,-50852.7578,0.9987,0.7293,2717.4,0.95,0.05,0.0,0.003385,0.019714,0.200234,26.2499,4.0333,335.5514,190.2829,0.056927,-0.0018,24.9056,-13.7963,1.3703
1890,1767,24192000,-57182.3359,0.9978,0.7623,2897.0,0.85,0.15,0.0,0.00263,0.009323,0.097917,18.8667,12.0,381.5983,188.7662,0.070599,-0.002,16.1932,-14.9557,1.3715
1900,1814,24320000,-45533.0938,0.9971,0.7007,2842.9,0.8,0.2,0.0,0.002292,0.029036,0.108542,10.2667,89.9998,286.9832,195.3995,0.068932,-0.002,14.7865,-14.7583,1.3738
1910,1853,24448000,-67125.8438,0.9949,0.7305,3101.8,0.75,0.25,0.0,0.005078,0.021771,0.12875,10.25,21.2333,452.8664,190.4662,0.066719,-0.0015,19.7511,-14.4786,1.3749
1920,1898,24576000,-46245.2344,0.9904,0.744,2850.2,0.85,0.15,0.0,0.006276,0.011875,0.082396,19.7499,99.0343,278.5341,190.6996,0.068099,-0.0019,11.7295,-15.0109,1.3777
1930,1938,24704000,-36329.8047,0.999,0.8189,2889.5,0.85,0.15,0.0,0.00237,0.011563,0.089583,10.1167,28.4667,246.9486,202.0327,0.068854,-0.0019,12.7245,-14.837,1.3819
1940,1984,24832000,-50930.582,0.9902,0.7405,3182.4,0.7,0.3,0.0,0.005052,0.02888,0.086562,21.4167,48.8001,324.6832,200.1994,0.068698,-0.0019,13.2485,-14.7296,1.3845
1950,2032,24960000,-28593.6191,0.9987,0.6847,2736.0,0.95,0.05,0.0,0.004062,0.012448,0.041589,10.5333,0.3333,204.5653,197.6328,0.072292,-0.0015,6.1819,-15.1188,1.3879
1960,2073,25088000,-20524.6602,0.9997,0.746,2857.2,0.95,0.05,0.0,0.003906,0.000208,0.048854,10.6667,1.5667,150.2825,210.0826,0.07151,-0.0016,7.3705,-15.1402,1.3895
1970,2122,25216000,-14822.2637,1.0,0.706,2693.4,1.0,0.0,0.0,0.004271,0.001146,0.028594,8.5,1.0,114.2834,202.1994,0.076406,-0.002,4.4718,-15.2028,1.3915
1980,2168,25344000,-19893.457,0.9993,0.7146,2765.1,0.95,0.05,0.0,0.003229,0.001042,0.022813,13.6667,48.5672,126.9332,205.9493,0.075911,-0.0019,3.5203,-15.4118,1.393
1990,2213,25472000,-8838.3418,1.0,0.744,2753.9,1.0,0.0,0.0,0.001094,0.002656,0.038099,5.4167,2.2667,77.6334,209.2993,0.074271,-0.0015,5.2958,-15.4824,1.3944
2000,2256,25600000,-8639.8701,1.0,0.8014,2768.9,1.0,0.0,0.0,0.001432,0.000312,0.022292,5.2167,1.1333,76.7166,212.3326,0.077969,-0.0015,3.2565,-15.4897,1.3967
2010,2302,25728000,-10791.8408,1.0,0.7501,2971.1,1.0,0.0,0.0,0.00138,0.0,0.027396,8.8833,0.5,88.0001,223.0659,0.071615,-0.0016,3.8091,-15.5323,1.3989
2020,2345,25856000,-12695.3242,1.0,0.7141,3172.4,1.0,0.0,0.0,0.000938,0.000156,0.029583,6.9333,1.4667,101.7333,226.6158,0.072682,-0.0013,3.9765,-15.319,1.4015
2030,2382,25984000,-8100.3916,1.0,0.776,3034.9,1.0,0.0,0.0,0.00737,0.000156,0.022839,4.15,0.6667,73.8501,221.9491,0.069115,-0.0019,3.9003,-15.2745,1.4031
2040,2421,26112000,-9629.7109,1.0,0.8074,3228.7,1.0,0.0,0.0,0.000833,5.2e-05,0.021536,6.1667,0.4333,82.2,225.1324,0.06776,-0.0018,3.06,-14.9667,1.4053
2050,2462,26240000,-9656.5088,0.9992,0.723,3479.3,0.85,0.15,0.0,0.000911,5.2e-05,0.030104,7.4,0.8667,80.8667,240.9824,0.063672,-0.0016,3.9893,-15.047,1.4079
2060,2495,26368000,-10150.5439,0.9987,0.7874,3485.2,0.85,0.15,0.0,0.001016,0.000156,0.028906,3.7833,0.5333,87.4334,234.849,0.067943,-0.0016,3.951,-14.931,1.41
2070,2532,26496000,-7680.3779,0.9965,0.72,3605.1,0.7,0.3,0.0,0.000755,0.000104,0.015104,4.0,0.2667,70.6667,239.1657,0.067969,-0.0015,2.1921,-15.0704,1.412
2080,2567,26624000,-7335.4858,0.9987,0.7471,3706.9,0.7,0.3,0.0,0.000729,0.0,0.009635,4.3167,0.3333,68.1834,245.5823,0.069297,-0.0015,1.6441,-15.1809,1.4128
2090,2602,26752000,-8793.9443,0.9939,0.7046,3758.2,0.45,0.55,0.0,0.000964,0.0,0.021979,2.7167,0.1333,79.1333,248.1156,0.066042,-0.0017,3.0424,-15.1612,1.4141
2100,2633,26880000,-10831.9824,0.9986,0.7818,3525.6,0.7,0.3,0.0,0.00125,0.0,0.015078,4.5333,0.4333,90.75,233.9824,0.065677,-0.002,2.3059,-15.1924,1.4164
2110,2667,27008000,-8839.6973,0.9961,0.7808,3694.9,0.7,0.3,0.0,0.002109,0.0,0.023021,4.2,0.0667,78.0667,245.9489,0.063385,-0.0015,3.1592,-15.3127,1.4185
2120,2705,27136000,-5742.3643,0.9971,0.7322,3731.6,0.7,0.3,0.0,0.001354,0.0,0.009896,5.4,0.0667,55.9667,243.6822,0.071016,-0.0016,1.7557,-15.5117,1.4198
2130,2733,27264000,-7957.5811,0.997,0.7916,3748.2,0.5,0.5,0.0,0.000703,0.0,0.02599,5.45,0.2,70.3167,246.0323,0.065547,-0.0013,3.5096,-15.4346,1.4214
2140,2770,27392000,-9562.502,0.9962,0.7503,3832.4,0.4,0.6,0.0,0.000391,0.000312,0.020677,4.6,0.3,82.1499,248.4489,0.062031,-0.0014,2.8014,-15.4287,1.4229
2150,2805,27520000,-7719.7275,0.9914,0.7594,3883.6,0.45,0.55,0.0,0.001224,0.000104,0.017396,2.3,0.6333,70.65,241.849,0.06375,-0.0018,2.6107,-15.1226,1.4243
2160,2838,27648000,-5229.6357,0.9964,0.7558,3750.4,0.6,0.4,0.0,0.000495,0.0,0.020677,2.75,0.2667,54.6833,242.0489,0.06375,-0.0011,2.8004,-15.0599,1.4256
2170,2870,27776000,-9432.8457,0.9913,0.7337,3875.1,0.25,0.75,0.0,0.001068,0.0,0.023047,2.3333,0.1667,82.4667,243.5822,0.060391,-0.0016,3.2262,-14.8149,1.4272
2180,2902,27904000,-5751.5552,0.9855,0.7481,3947.9,0.2,0.8,0.0,0.000495,0.0,0.011016,3.7333,0.0,56.55,246.8823,0.05776,-0.0014,1.7365,-14.781,1.4281
2190,2935,28032000,-6329.5669,0.9738,0.707,3998.6,0.05,0.95,0.0,0.001667,0.000104,0.017578,1.9667,0.0,60.3334,236.4323,0.059401,-0.0015,2.643,-15.0927,1.4295
2200,2961,28160000,-7078.1055,0.9704,0.7999,4000.0,0.0,1.0,0.0,0.00026,0.0,0.010755,5.2833,0.0,61.6333,231.549,0.056745,-0.001,1.53,-15.0015,1.4302
2210,2997,28288000,-5892.5386,0.9734,0.764,3985.0,0.05,0.95,0.0,0.000521,0.000156,0.026849,2.3667,0.1667,56.6,230.2323,0.058958,-0.0015,3.5721,-15.1461,1.4309
2220,3030,28416000,-8317.4248,0.9828,0.729,4000.0,0.0,1.0,0.0,0.000651,5.2e-05,0.020443,2.3333,0.4,73.6166,237.1823,0.057786,-0.0014,2.8049,-15.3103,1.4317
2230,3059,28544000,-6231.6851,0.9794,0.7884,4000.0,0.0,1.0,0.0,0.000703,0.0,0.016823,2.5833,0.1667,59.5834,237.0656,0.056589,-0.001,2.3962,-15.3857,1.4316
2240,3094,28672000,-8865.9697,0.9704,0.7458,4000.0,0.0,1.0,0.0,0.00112,0.0,0.019766,3.1333,0.1667,75.2334,226.8491,0.059583,-0.0009,2.8653,-15.3217,1.432
2250,3124,28800000,-5113.7979,0.9781,0.7756,4000.0,0.0,1.0,0.0,7.8e-05,0.0,0.018437,2.45,0.0333,51.7666,234.7157,0.057031,-0.0011,2.4691,-15.4448,1.4313
2260,3157,28928000,-6480.3232,0.9721,0.7738,4000.0,0.0,1.0,0.0,0.000365,0.0,0.01263,1.3833,0.1,61.5667,233.1823,0.056875,-0.0012,1.8152,-15.1999,1.4314
2270,3189,29056000,-5364.0444,0.9703,0.7583,4000.0,0.0,1.0,0.0,0.000156,0.0,0.023333,2.0667,0.1,53.2167,226.2324,0.05776,-0.0009,3.2389,-15.4231,1.4323
2280,3222,29184000,-6662.2437,0.9698,0.7188,4000.0,0.0,1.0,0.0,0.000365,0.0,0.008437,1.7833,0.0,62.3334,228.3157,0.056302,-0.0014,1.384,-15.3052,1.4328
2290,3256,29312000,-7172.2256,0.9659,0.6981,4000.0,0.0,1.0,0.0,0.000495,0.0,0.014401,1.2333,0.0333,65.95,229.2491,0.056615,-0.0008,2.064,-15.5052,1.4337
2300,3287,29440000,-6321.7632,0.9605,0.7046,4000.0,0.0,1.0,0.0,0.000312,0.0,0.015026,2.65,0.1667,58.45,222.5658,0.059271,-0.0009,2.1384,-15.3564,1.4343
2310,3315,29568000,-5343.437,0.9586,0.7688,4000.0,0.0,1.0,0.0,0.000651,0.0,0.027891,1.0667,0.0,53.8,227.4824,0.058047,-0.0013,3.4899,-15.4025,1.4348
2320,3351,29696000,-7475.2217,0.9635,0.7252,4000.0,0.0,1.0,0.0,0.000339,0.0,0.015417,1.3833,0.0,67.8833,226.2824,0.060234,-0.0008,2.1928,-15.4741,1.4352
2330,3383,29824000,-6162.2324,0.9682,0.706,4000.0,0.0,1.0,0.0,0.000339,0.0,0.014948,1.5333,0.0667,59.7,229.0657,0.056302,-0.0004,2.1625,-15.3548,1.4353
2340,3410,29952000,-8650.6895,0.9674,0.7918,4000.0,0.0,1.0,0.0,0.000729,0.0,0.01875,1.0333,0.0,76.1333,224.4657,0.05362,-0.0007,2.6258,-15.3306,1.4358
2350,3445,30080000,-7352.7842,0.9577,0.7541,4000.0,0.0,1.0,0.0,0.000156,0.0,0.008307,1.8333,0.0,66.6334,223.9157,0.056927,-0.0006,1.32,-15.1883,1.4363
2360,3475,30208000,-6494.9404,0.9638,0.7727,4000.0,0.0,1.0,0.0,0.000182,0.0,0.01138,0.8833,0.0,62.0,221.1491,0.0575,-0.0006,1.6256,-15.377,1.4367
2370,3508,30336000,-6089.96,0.968,0.7969,4000.0,0.0,1.0,0.0,0.000469,0.0,0.020833,1.15,0.0,59.55,228.449,0.060859,-0.0007,2.682,-15.4663,1.4371
2380,3542,30464000,-3622.5444,0.9858,0.7731,3931.9,0.25,0.75,0.0,0.000443,0.0,0.008776,2.3,0.1667,42.5667,231.5323,0.059948,-0.0005,1.3419,-15.3915,1.4375
2390,3574,30592000,-6862.5757,0.9878,0.7433,3993.1,0.05,0.95,0.0,0.000286,0.0,0.030495,2.3667,0.0,64.7,236.9989,0.05612,-0.0005,3.9041,-15.2104,1.4376
2400,3607,30720000,-8130.8086,0.9857,0.7741,3976.8,0.15,0.85,0.0,0.000286,0.0,0.014323,1.1333,0.0333,74.1168,231.1823,0.059271,-0.0005,1.972,-15.3025,1.4375
2410,3640,30848000,-6382.7407,0.9926,0.762,3898.6,0.25,0.75,0.0,0.000286,0.0,0.019453,1.4167,0.0667,62.9333,235.5656,0.060755,-0.0003,2.7162,-15.345,1.4377
2420,3672,30976000,-5295.6685,0.9887,0.7167,3970.4,0.2,0.8,0.0,0.000312,0.0,0.010156,2.1333,0.0,54.6166,236.3322,0.058255,-0.0004,1.6077,-15.5222,1.4381
2430,3703,31104000,-5140.2939,0.9866,0.8018,3934.8,0.15,0.85,0.0,0.000625,0.0,0.017786,1.0667,0.0667,54.2334,232.149,0.063542,-0.0006,2.4386,-15.6124,1.438
2440,3738,31232000,-5449.6221,0.9936,0.7864,3881.2,0.35,0.65,0.0,0.000286,0.000365,0.018594,1.9333,0.2333,57.2333,243.9988,0.063802,-0.0003,2.4514,-15.674,1.438
2450,3773,31360000,-4162.9355,0.9979,0.711,3762.9,0.65,0.35,0.0,0.000339,5.2e-05,0.014687,1.7667,0.6,48.6667,238.649,0.062943,-0.0003,2.2101,-15.5913,1.4378
2460,3806,31488000,-6039.4683,0.9922,0.7221,3819.8,0.4,0.6,0.0,0.000469,0.0,0.003984,2.25,0.1333,60.1666,232.4823,0.062161,-0.0003,0.8741,-15.6663,1.4378
2470,3837,31616000,-5366.5693,0.9785,0.7701,3981.4,0.1,0.9,0.0,0.000521,0.0,0.014245,1.6167,0.1667,55.0834,235.3656,0.056927,-0.0002,2.0608,-15.5321,1.4379
2480,3865,31744000,-5091.2119,0.9803,0.8026,4000.0,0.0,1.0,0.0,0.000286,0.000156,0.011198,1.5,0.1667,53.3333,239.9822,0.056484,-0.0001,1.6183,-15.4999,1.438
2490,3899,31872000,-7034.9971,0.9792,0.7832,3997.6,0.05,0.95,0.0,0.000625,0.0,0.01112,1.2833,0.1333,66.3334,234.6989,0.05737,-0.0001,1.7058,-15.5199,1.438
2500,3935,32000000,-7921.2485,0.9798,0.7509,4000.0,0.0,1.0,0.0,0.000391,0.0,0.017604,4.6167,0.4333,68.4334,231.999,0.061823,-0.0,2.4048,-15.5876,1.438
