update,episodes,env_steps,mean_ep_reward,mean_ep_coverage,coverage_ratio,mean_ep_length,completion_rate,timeout_rate,collision_end_rate,wall_collision_rate,robot_collision_rate,wall_collisions_per_episode,robot_collisions_per_episode,guide_hits_per_episode,guide_hit_rate,actor_loss,critic_loss,entropy,std
10,12133,245760,13.6552,0.0547,0.0751,56.3,0.0,0.0,1.0,0.005968,0.000841,0.2667,0.1333,1.8833,0.037001,-0.0017,0.363,0.8966,0.985
20,14166,491520,56.6823,0.1306,0.2231,181.9,0.0,0.0,1.0,0.001329,0.000922,0.2667,0.1333,7.15,0.040934,-0.0017,0.245,-0.1515,0.9587
30,14930,737280,88.1023,0.2523,0.2989,428.5,0.0,0.0,1.0,0.000665,0.00076,0.1667,0.3333,18.9,0.044637,-0.0014,0.1873,-1.0672,0.9461
40,15919,983040,59.4236,0.1617,0.2903,257.2,0.0,0.0,1.0,0.000936,0.000922,0.2333,0.2,12.9667,0.053847,-0.0017,0.2453,-1.8909,0.9348
50,16720,1228800,88.903,0.1665,0.3182,206.4,0.0,0.0,1.0,0.000949,0.000651,0.2167,0.2333,10.85,0.052599,-0.0017,0.2413,-2.3541,0.9221
60,17569,1474560,118.8448,0.1949,0.3347,261.3,0.0,0.0,1.0,0.000841,0.000651,0.2667,0.1333,15.2833,0.056179,-0.0017,0.2406,-2.8644,0.9103
70,18161,1720320,120.1747,0.2448,0.376,394.8,0.0,0.0,1.0,0.000529,0.000461,0.25,0.1667,22.8,0.054864,-0.0013,0.1934,-3.1301,0.8989
80,18699,1966080,96.4901,0.2958,0.3675,562.0,0.0,0.0,1.0,0.000393,0.000488,0.1667,0.3333,29.2667,0.055393,-0.0018,0.1811,-3.3422,0.8847
90,19219,2211840,113.3215,0.3004,0.3681,575.5,0.0,0.0,1.0,0.00057,0.000407,0.2,0.2667,32.4,0.057197,-0.0019,0.1998,-3.7759,0.8713
100,19733,2457600,145.5446,0.3646,0.3841,818.5,0.0,0.05,0.95,0.000461,0.000353,0.2333,0.1667,53.3333,0.058024,-0.0018,0.176,-4.0656,0.8625
110,20304,2703360,122.8074,0.2827,0.3825,556.9,0.0,0.05,0.95,0.000773,0.000353,0.2833,0.0667,33.1333,0.059842,-0.0017,0.2292,-4.2802,0.8567
120,20950,2949120,137.4408,0.1695,0.3636,156.5,0.0,0.0,1.0,0.000787,0.000434,0.2833,0.1,10.8333,0.064548,-0.0021,0.2609,-4.255,0.8483
130,21649,3194880,207.6087,0.2595,0.3889,287.5,0.0,0.0,1.0,0.000637,0.000434,0.3,0.0667,18.8833,0.06406,-0.0014,0.2445,-4.5345,0.8393
140,22167,3440640,204.6566,0.2995,0.3794,434.4,0.0,0.0,1.0,0.000637,0.000624,0.2333,0.2,29.2667,0.066081,-0.0019,0.2654,-4.9409,0.8338
150,22745,3686400,200.3274,0.2674,0.421,325.0,0.0,0.0,1.0,0.000448,0.000407,0.25,0.1667,21.6833,0.063368,-0.002,0.2112,-5.0343,0.8239
160,23192,3932160,221.3009,0.3306,0.4407,493.4,0.0,0.0,1.0,0.00042,0.000244,0.25,0.1667,32.5333,0.066406,-0.0019,0.1958,-5.0478,0.8147
170,23761,4177920,281.3934,0.4046,0.3576,592.0,0.0,0.0,1.0,0.000705,0.000488,0.2167,0.2333,40.7333,0.068509,-0.0021,0.2561,-5.3361,0.8065
180,24199,4423680,289.8139,0.4632,0.449,756.3,0.0,0.0,1.0,0.000353,0.000244,0.2167,0.2333,49.4833,0.065742,-0.0019,0.1745,-5.324,0.7974
190,24785,4669440,236.1293,0.3279,0.3927,434.2,0.0,0.0,1.0,0.000705,0.000515,0.2667,0.1333,28.1,0.067342,-0.0021,0.2933,-5.459,0.7926
200,25337,4915200,272.8885,0.3444,0.4251,390.5,0.0,0.0,1.0,0.000461,0.000434,0.2333,0.2,26.1,0.06665,-0.0017,0.2315,-5.637,0.7889
210,25843,5160960,275.1276,0.404,0.4215,615.7,0.0,0.0,1.0,0.000692,0.000244,0.25,0.1667,41.1667,0.068834,-0.0025,0.2313,-5.8373,0.7795
220,26358,5406720,178.741,0.3146,0.4412,541.5,0.0,0.0,1.0,0.000461,0.000407,0.2167,0.2333,36.2166,0.068332,-0.0021,0.2336,-5.8434,0.7693
230,26848,5652480,259.488,0.3262,0.5279,391.9,0.0,0.0,1.0,0.000393,0.000271,0.25,0.1667,28.2667,0.069363,-0.0022,0.2279,-5.8142,0.7604
240,27314,5898240,334.4192,0.4564,0.4255,605.5,0.0,0.0,1.0,0.000475,0.000461,0.15,0.3667,40.4,0.06821,-0.0021,0.2416,-6.02,0.7503
250,27962,6144000,257.2466,0.3344,0.3746,432.8,0.0,0.0,1.0,0.00076,0.000353,0.2667,0.1333,28.7,0.070502,-0.0013,0.2831,-6.058,0.7432
260,28665,6389760,199.3896,0.2766,0.372,351.2,0.0,0.0,1.0,0.001085,0.000543,0.2333,0.2,22.85,0.069824,-0.0011,0.3269,-6.2204,0.7363
270,29257,6635520,283.2326,0.3734,0.4571,476.8,0.0,0.0,1.0,0.000515,0.000298,0.2,0.2667,33.0834,0.070258,-0.0023,0.2556,-6.2343,0.7254
280,29640,6881280,281.1574,0.3801,0.5152,486.5,0.0,0.0,1.0,0.000393,0.000298,0.2333,0.2,32.7167,0.066515,-0.0022,0.2089,-6.2683,0.7189
290,30038,7127040,306.0707,0.4151,0.4753,577.7,0.0,0.0,1.0,0.00042,0.00038,0.2167,0.2333,39.3333,0.065484,-0.002,0.2146,-6.3438,0.7119
300,30377,7372800,357.8268,0.4096,0.5008,424.9,0.0,0.0,1.0,0.000366,0.000407,0.2333,0.2,30.5667,0.065647,-0.0027,0.2282,-6.557,0.7019
310,30705,7618560,333.8654,0.6081,0.5785,1157.9,0.0,0.05,0.95,0.000176,0.000163,0.2167,0.2,75.2,0.063897,-0.002,0.1604,-6.4814,0.6962
320,31007,7864320,351.3336,0.5701,0.5601,936.7,0.0,0.0,1.0,0.000217,0.000326,0.2,0.2667,58.9,0.066203,-0.0022,0.1815,-6.4482,0.6884
330,31319,8110080,374.2455,0.6642,0.5107,1229.1,0.0,0.1,0.9,0.000231,0.000271,0.1833,0.2333,79.8333,0.066474,-0.0024,0.2024,-6.6274,0.684
340,31618,8355840,263.7042,0.3445,0.5696,430.6,0.0,0.05,0.95,0.000271,0.000271,0.2167,0.2,29.05,0.066325,-0.0024,0.1994,-6.8525,0.6733
350,31993,8601600,296.1347,0.3796,0.5321,467.0,0.0,0.0,1.0,0.000298,0.000244,0.2667,0.1333,31.6667,0.068441,-0.0022,0.2039,-6.6426,0.6612
360,32298,8847360,416.5697,0.587,0.5522,905.0,0.0,0.0,1.0,0.000176,0.000407,0.1167,0.4333,63.2333,0.067573,-0.0011,0.1775,-6.7536,0.6548
370,32589,9093120,281.9109,0.3935,0.5363,554.4,0.0,0.0,1.0,0.000244,0.000461,0.2,0.2667,37.4,0.065918,-0.0022,0.2219,-7.0648,0.647
380,32859,9338880,366.8088,0.622,0.5799,1153.4,0.0,0.0,1.0,0.000231,0.000298,0.1833,0.3,78.8501,0.068292,-0.0024,0.1558,-7.1765,0.6358
390,33128,9584640,306.0696,0.5219,0.5538,928.6,0.0,0.05,0.95,0.000203,0.000217,0.2167,0.2,62.9333,0.068793,-0.0023,0.1721,-7.1945,0.6253
400,33399,9830400,328.8762,0.5654,0.5579,1052.4,0.0,0.2,0.8,0.00019,0.00019,0.2,0.1333,70.1166,0.068305,-0.0023,0.191,-7.1692,0.6149
410,33680,10076160,281.1111,0.491,0.5555,875.8,0.0,0.05,0.95,0.000203,0.000488,0.1167,0.4,59.8333,0.069282,-0.0029,0.1952,-7.1252,0.6067
420,33942,10321920,360.3224,0.5456,0.5751,902.8,0.0,0.05,0.95,0.000136,0.000434,0.1,0.4333,63.0333,0.065579,-0.0026,0.16,-7.192,0.5986
430,34204,10567680,314.5037,0.4379,0.6347,633.2,0.0,0.05,0.95,9.5e-05,0.000217,0.15,0.3333,44.1666,0.067858,-0.0013,0.1654,-7.2019,0.5911
440,34491,10813440,366.0487,0.4858,0.629,644.3,0.0,0.05,0.95,0.000136,0.000244,0.1667,0.3,44.4333,0.066759,-0.0006,0.1629,-7.3603,0.5824
450,34773,11059200,341.8359,0.5112,0.6405,801.6,0.0,0.1,0.9,0.000122,0.00019,0.1833,0.2333,52.8,0.064345,-0.0016,0.1432,-7.3592,0.5752
460,35050,11304960,270.492,0.5509,0.586,1118.8,0.0,0.1,0.9,0.000231,0.000434,0.1667,0.2667,74.0499,0.065525,-0.0019,0.1832,-7.3989,0.5643
470,35290,11550720,267.7546,0.4527,0.612,797.5,0.0,0.15,0.85,0.000149,0.000271,0.1667,0.2333,53.4166,0.065267,-0.0014,0.1854,-7.4604,0.5557
480,35520,11796480,279.438,0.4829,0.5894,864.7,0.0,0.1,0.9,0.000244,0.000109,0.2333,0.1333,55.8333,0.06623,-0.0015,0.1741,-7.5736,0.549
490,35727,12042240,214.3559,0.5805,0.5797,1300.3,0.0,0.25,0.75,0.000136,0.000407,0.1,0.3,81.4832,0.067234,-0.0022,0.1943,-7.4692,0.5416
500,36044,12288000,267.7364,0.396,0.4992,591.8,0.0,0.05,0.95,0.000366,0.000407,0.2,0.2333,39.5333,0.069824,-0.0025,0.2596,-7.6484,0.5319
510,36374,12533760,348.6791,0.4219,0.5135,498.2,0.0,0.05,0.95,0.00038,0.000271,0.1833,0.2667,35.2666,0.068983,0.0017,0.2373,-7.6075,0.5285
520,36733,12779520,257.2594,0.427,0.5609,702.2,0.0,0.0,1.0,0.000271,0.00038,0.2,0.2667,46.5,0.067573,-0.0022,0.1952,-7.8347,0.522
530,37034,13025280,390.795,0.5557,0.5522,859.2,0.0,0.05,0.95,0.000298,0.000353,0.2167,0.2,59.65,0.066989,-0.002,0.1944,-8.0464,0.5148
540,37299,13271040,362.5473,0.543,0.612,862.9,0.0,0.05,0.95,0.000258,0.000244,0.2333,0.1667,57.4667,0.066569,-0.0028,0.1635,-8.0154,0.5097
550,37495,13516800,280.4595,0.7671,0.6248,1920.2,0.0,0.35,0.65,0.000109,0.000109,0.1333,0.1667,127.4165,0.067369,-0.0026,0.1691,-8.0481,0.5005
560,37707,13762560,379.4854,0.5905,0.577,970.8,0.0,0.1,0.9,0.000149,0.000434,0.1167,0.3667,62.3667,0.066772,-0.0032,0.1792,-8.0779,0.4943
570,37927,14008320,265.0587,0.5582,0.5972,1171.9,0.0,0.2,0.8,0.000203,0.000136,0.2167,0.1,76.5832,0.064779,-0.002,0.1744,-8.15,0.486
580,38129,14254080,227.7471,0.4971,0.64,1044.7,0.0,0.1,0.9,0.000176,0.00019,0.2,0.2,68.1833,0.064765,0.0009,0.167,-8.225,0.4805
590,38324,14499840,228.8584,0.5168,0.6203,1113.7,0.0,0.1,0.9,0.000298,0.000163,0.2,0.2,73.75,0.065362,-0.0026,0.1628,-8.2081,0.4706
600,38522,14745600,316.5351,0.6569,0.6565,1346.6,0.0,0.1,0.9,0.000122,0.000109,0.2,0.2,87.4166,0.067966,-0.0029,0.1546,-8.319,0.4619
610,38735,14991360,278.0132,0.6048,0.6082,1291.7,0.0,0.05,0.95,0.00019,0.000298,0.1833,0.2667,84.45,0.064345,-0.0008,0.1673,-8.4457,0.452
620,39049,15237120,309.3604,0.5066,0.5882,853.3,0.0,0.0,1.0,0.000285,0.000217,0.25,0.1667,53.75,0.064982,0.0005,0.1761,-8.3276,0.4449
630,39270,15482880,172.0279,0.5303,0.6611,1306.6,0.0,0.25,0.75,0.000122,0.000109,0.1833,0.1333,83.4999,0.066135,-0.0007,0.1646,-8.4024,0.4399
640,39470,15728640,291.1554,0.4936,0.6251,833.5,0.0,0.0,1.0,0.000203,0.000326,0.1667,0.3333,55.1333,0.064779,-0.003,0.1702,-8.4408,0.4329
650,39690,15974400,396.6674,0.5947,0.6425,976.3,0.0,0.05,0.95,0.000149,0.000217,0.1833,0.2667,66.7167,0.065484,-0.003,0.1491,-8.3732,0.4255
660,39996,16220160,294.0016,0.4816,0.5665,845.7,0.0,0.1,0.9,0.000258,0.000244,0.2,0.2,56.8666,0.066718,-0.0018,0.1967,-8.3922,0.4248
670,40235,16465920,350.6453,0.541,0.6106,877.2,0.0,0.0,1.0,0.000203,0.000271,0.1833,0.3,58.7167,0.068956,-0.0006,0.1674,-8.4933,0.4208
680,40667,16711680,320.1569,0.5337,0.4807,988.0,0.0,0.1,0.9,0.000434,0.000163,0.3,0.0,64.6833,0.068875,0.0012,0.2286,-8.4387,0.4185
690,40924,16957440,289.6848,0.5974,0.6352,1224.2,0.0,0.15,0.85,0.000176,0.000136,0.2,0.1667,77.6,0.06425,-0.0024,0.1652,-8.5193,0.4159
700,41152,17203200,353.7314,0.5043,0.6486,738.1,0.0,0.0,1.0,0.000163,0.000163,0.2167,0.2333,48.7833,0.06703,-0.0024,0.1593,-8.6063,0.4086
710,41372,17448960,326.2621,0.5923,0.6726,1127.6,0.0,0.1,0.9,9.5e-05,0.000163,0.15,0.3,74.1333,0.06448,-0.0027,0.1513,-8.5551,0.4067
720,41636,17694720,351.14,0.5216,0.6002,848.8,0.0,0.05,0.95,0.000285,0.000298,0.2167,0.2,57.5167,0.066108,-0.003,0.1801,-8.5815,0.4015
730,41884,17940480,403.9734,0.4943,0.6184,622.9,0.0,0.0,1.0,0.00019,0.000136,0.25,0.1667,44.3,0.065335,-0.0024,0.1653,-8.7157,0.3952
740,42268,18186240,331.3869,0.4552,0.4967,642.8,0.0,0.0,1.0,0.000475,0.000271,0.25,0.1667,42.5667,0.067301,-0.0031,0.2346,-8.7082,0.3967
750,42621,18432000,397.3122,0.5453,0.548,758.8,0.0,0.05,0.95,0.000271,0.00038,0.1667,0.3,49.8,0.064304,0.0009,0.2011,-8.6989,0.3915
760,43020,18677760,318.1906,0.385,0.535,424.0,0.0,0.0,1.0,0.000366,0.000407,0.2,0.2667,29.3167,0.065538,-0.0011,0.2336,-8.7881,0.3874
770,43580,18923520,329.2661,0.3453,0.4299,287.4,0.0,0.0,1.0,0.000678,0.000244,0.2833,0.1,20.2667,0.066243,-0.0022,0.2804,-8.8321,0.3861
780,44189,19169280,318.318,0.4413,0.5145,621.6,0.0,0.05,0.95,0.000258,0.000244,0.2167,0.2,40.75,0.065945,0.0263,0.2183,-8.7997,0.3866
790,44578,19415040,233.1899,0.2926,0.5674,344.2,0.0,0.05,0.95,0.000393,0.000244,0.2667,0.1,23.5333,0.065186,-0.0025,0.2435,-8.7824,0.385
800,44932,19660800,318.8842,0.4764,0.5485,743.1,0.0,0.05,0.95,0.000326,0.000271,0.2,0.2333,48.3833,0.065158,-0.0015,0.2176,-8.8255,0.383
810,45271,19906560,381.9037,0.5548,0.5332,852.4,0.0,0.1,0.9,0.000298,0.000163,0.2333,0.1333,56.0499,0.065809,0.0012,0.2114,-8.8586,0.3751
820,45544,20152320,265.5751,0.5923,0.5978,1246.8,0.0,0.1,0.9,0.000298,0.000244,0.2333,0.1333,80.8,0.065403,-0.0027,0.1845,-8.9572,0.3723
830,45802,20398080,430.7899,0.5783,0.6281,817.8,0.0,0.0,1.0,8.1e-05,0.000326,0.1167,0.4333,57.6333,0.06703,-0.0031,0.1594,-8.89,0.37
840,46054,20643840,335.9988,0.7354,0.6179,1590.2,0.0,0.25,0.75,6.8e-05,8.1e-05,0.1667,0.1667,103.2166,0.065063,-0.0025,0.1598,-9.0815,0.3661
850,46269,20889600,254.6452,0.666,0.6075,1553.5,0.0,0.2,0.8,0.000244,0.000298,0.15,0.2333,100.7999,0.067044,-0.0028,0.1768,-9.1187,0.3607
860,46500,21135360,334.0414,0.7104,0.6337,1455.9,0.0,0.15,0.85,8.1e-05,0.000353,0.0833,0.4,95.0166,0.065172,0.0001,0.158,-9.0445,0.3561
870,46699,21381120,320.8155,0.4483,0.6275,621.1,0.0,0.0,1.0,0.000136,0.000461,0.1167,0.4333,43.1667,0.066895,-0.0022,0.1846,-9.2048,0.3496
880,46917,21626880,342.9442,0.5897,0.6054,1098.2,0.0,0.05,0.95,0.000136,0.000271,0.15,0.3333,75.0833,0.065782,0.0026,0.1699,-9.2189,0.3488
890,47134,21872640,375.4161,0.5349,0.5707,767.2,0.0,0.0,1.0,0.000217,0.000353,0.15,0.3667,51.5833,0.067329,-0.0027,0.1798,-9.2821,0.3492
900,47351,22118400,321.5089,0.6366,0.6163,1257.7,0.0,0.05,0.95,0.000203,0.00019,0.2,0.2333,79.9834,0.065362,-0.0029,0.1632,-9.3735,0.3499
910,47587,22364160,251.0757,0.4668,0.6069,883.7,0.0,0.05,0.95,0.000271,0.000217,0.2333,0.1667,58.9833,0.065809,-0.0031,0.1936,-9.4013,0.3458
920,47798,22609920,297.9314,0.451,0.6192,698.8,0.0,0.0,1.0,0.000244,0.000271,0.25,0.2,46.3666,0.06585,-0.0011,0.1701,-9.4985,0.345
930,48048,22855680,317.0684,0.4776,0.6211,739.2,0.0,0.05,0.95,0.000312,0.000136,0.25,0.1333,48.8667,0.066569,0.0124,0.1903,-9.5699,0.3436
940,48395,23101440,413.4323,0.5605,0.6093,815.9,0.0,0.0,1.0,0.000203,0.000244,0.2167,0.2333,55.0334,0.065308,-0.003,0.1674,-9.3425,0.3464
950,48728,23347200,357.2612,0.4826,0.5981,669.1,0.0,0.05,0.95,0.000258,0.00019,0.2333,0.1667,44.1666,0.065782,-0.0026,0.1672,-9.4676,0.3442
960,49108,23592960,360.9333,0.5224,0.5072,793.5,0.0,0.0,1.0,0.000448,0.000298,0.25,0.1667,52.5,0.067627,-0.0001,0.2097,-9.5805,0.3435
970,49521,23838720,362.9305,0.513,0.5055,758.3,0.0,0.0,1.0,0.000353,0.000217,0.25,0.1667,50.2667,0.064996,-0.0026,0.1989,-9.5491,0.3403
980,49868,24084480,369.285,0.4611,0.5225,589.5,0.0,0.0,1.0,0.00038,0.000298,0.25,0.1667,40.7,0.068481,-0.0031,0.2001,-9.6952,0.3372
990,50170,24330240,363.219,0.4698,0.5899,584.1,0.0,0.0,1.0,0.000271,0.000298,0.1833,0.3,39.2167,0.065592,-0.0033,0.198,-9.6561,0.3355
1000,50437,24576000,329.3847,0.5663,0.6034,1034.8,0.0,0.15,0.85,0.000176,0.000163,0.1833,0.2,68.4333,0.066135,-0.0016,0.1901,-9.6166,0.3336
1010,50680,24821760,238.7106,0.4965,0.6029,1013.0,0.0,0.25,0.75,0.000176,0.000298,0.15,0.2,66.4999,0.066678,-0.0029,0.2074,-9.6,0.3271
1020,50991,25067520,359.2625,0.6507,0.583,1270.8,0.0,0.15,0.85,9.5e-05,0.000244,0.1333,0.3,83.9166,0.066515,-0.0032,0.1834,-9.6419,0.3226
1030,51253,25313280,280.7533,0.6337,0.5807,1354.6,0.0,0.2,0.8,0.000231,0.000217,0.2,0.1333,86.3333,0.064087,-0.0029,0.1904,-9.6513,0.3206
1040,51497,25559040,427.3292,0.6553,0.6041,1032.3,0.0,0.0,1.0,0.000176,0.000326,0.1667,0.3333,67.3333,0.064046,-0.0008,0.1487,-9.6755,0.3184
1050,51755,25804800,325.6707,0.4902,0.5971,771.8,0.0,0.0,1.0,0.000217,0.000163,0.25,0.1667,51.25,0.067084,-0.0034,0.1642,-9.7308,0.3166
1060,51999,26050560,312.4764,0.5517,0.628,1018.2,0.0,0.05,0.95,0.000122,0.000271,0.15,0.3333,68.8166,0.065592,-0.0031,0.1568,-9.7772,0.3111
1070,52236,26296320,423.1356,0.5852,0.641,815.1,0.0,0.0,1.0,9.5e-05,0.000353,0.1167,0.4333,54.9667,0.066243,0.0025,0.149,-9.7992,0.3099
1080,52488,26542080,307.3906,0.5474,0.6142,985.3,0.0,0.1,0.9,0.000231,0.000353,0.15,0.3,63.0,0.066135,-0.0004,0.1865,-9.8411,0.3101
1090,52714,26787840,312.8523,0.5682,0.5869,1054.2,0.0,0.05,0.95,0.000203,0.000244,0.2167,0.2,68.4167,0.067084,-0.0031,0.1779,-9.8927,0.3058
1100,52968,27033600,395.3968,0.5591,0.6356,820.1,0.0,0.0,1.0,4.1e-05,0.00019,0.1667,0.3333,55.7334,0.066406,-0.0031,0.1566,-9.9847,0.3034
1110,53182,27279360,284.9401,0.5665,0.596,1137.4,0.0,0.15,0.85,0.000244,0.000163,0.1833,0.2,74.0833,0.067898,-0.0024,0.1876,-9.9448,0.2996
1120,53503,27525120,331.4139,0.4695,0.5306,712.8,0.0,0.05,0.95,0.000353,0.000298,0.2667,0.1,48.8167,0.066067,-0.0031,0.2188,-9.9091,0.298
1130,53856,27770880,320.6071,0.5512,0.5692,981.8,0.0,0.05,0.95,0.000176,0.000326,0.2,0.2333,64.7,0.066203,-0.0026,0.1753,-9.8245,0.2979
1140,54178,28016640,239.7798,0.4332,0.5526,789.3,0.0,0.15,0.85,0.000258,0.000407,0.1667,0.2333,51.9166,0.066623,-0.0034,0.2407,-9.8313,0.2972
1150,54476,28262400,326.085,0.4919,0.602,749.2,0.0,0.05,0.95,0.000149,0.000271,0.1667,0.3,49.5167,0.065484,0.0065,0.1926,-9.8165,0.295
1160,54868,28508160,269.9931,0.3866,0.5564,553.1,0.0,0.05,0.95,0.000244,0.000298,0.2333,0.1667,36.0833,0.0668,0.007,0.2155,-9.7923,0.2935
1170,55130,28753920,259.7876,0.5344,0.5914,1087.3,0.0,0.15,0.85,0.000149,0.000244,0.1667,0.2333,70.95,0.066555,-0.0032,0.1954,-9.7847,0.2902
1180,55411,28999680,205.9055,0.3913,0.5621,702.9,0.0,0.0,1.0,0.000298,0.000461,0.15,0.3667,46.1834,0.066759,-0.0034,0.2031,-9.7807,0.2923
1190,55654,29245440,319.0682,0.5342,0.6149,927.5,0.0,0.05,0.95,0.000176,0.00019,0.2,0.2333,62.4666,0.065375,-0.0033,0.1808,-9.7736,0.2882
1200,55893,29491200,295.7635,0.5417,0.5452,1013.5,0.0,0.1,0.9,0.000231,0.000461,0.1667,0.2667,66.4,0.066989,-0.0017,0.2091,-9.8639,0.2834
1210,56128,29736960,254.0903,0.4984,0.5998,962.2,0.0,0.1,0.9,0.000176,0.000217,0.2,0.2,61.85,0.064969,0.0018,0.178,-9.8665,0.2807
1220,56334,29982720,307.8071,0.6378,0.6174,1294.8,0.0,0.25,0.75,0.000109,0.000217,0.1167,0.2667,84.4999,0.067179,0.0035,0.1725,-9.9485,0.2774
1230,56546,30228480,318.4823,0.6135,0.6469,1189.2,0.0,0.1,0.9,0.000136,0.00019,0.1833,0.2333,78.15,0.065213,0.0002,0.1503,-9.8752,0.2753
1240,56805,30474240,210.9908,0.5302,0.5987,1195.0,0.0,0.25,0.75,0.000231,0.000271,0.1333,0.2333,77.0999,0.065782,-0.0033,0.212,-9.912,0.2736
1250,57038,30720000,271.5912,0.5704,0.6142,1198.2,0.0,0.2,0.8,0.000109,0.00019,0.1333,0.2667,79.2332,0.064412,-0.0023,0.1811,-9.9623,0.273
1260,57257,30965760,301.5464,0.5406,0.617,977.6,0.0,0.05,0.95,0.000163,0.000271,0.1833,0.2667,62.8166,0.066732,-0.0038,0.1709,-10.0441,0.2705
1270,57463,31211520,281.2515,0.5125,0.6418,948.6,0.0,0.15,0.85,0.000109,0.000244,0.1333,0.3,63.3499,0.065036,0.0002,0.1751,-9.9863,0.2654
1280,57672,31457280,286.4264,0.5931,0.6196,1186.4,0.0,0.05,0.95,0.00019,0.000326,0.15,0.3333,77.9999,0.064752,-0.0036,0.1817,-9.9993,0.2622
1290,57934,31703040,371.8334,0.5723,0.5955,942.3,0.0,0.1,0.9,0.000176,0.000244,0.1833,0.2333,63.4499,0.065877,-0.0034,0.1847,-9.9413,0.2629
1300,58172,31948800,298.6366,0.5898,0.5269,1150.6,0.0,0.1,0.9,0.000203,0.00038,0.1333,0.3333,75.0,0.067356,0.0379,0.2106,-9.9726,0.262
1310,58362,32194560,331.3552,0.5806,0.6505,1053.2,0.0,0.1,0.9,0.000149,0.000244,0.15,0.3,69.5166,0.064887,0.0021,0.1422,-9.9322,0.2612
1320,58573,32440320,312.1096,0.6393,0.6419,1279.3,0.0,0.1,0.9,0.000163,0.000136,0.2,0.2,82.7833,0.065457,-0.0014,0.1512,-9.9931,0.2598
1330,58753,32686080,353.4591,0.7365,0.6542,1567.5,0.0,0.2,0.8,5.4e-05,0.000163,0.0833,0.3667,104.1333,0.066054,-0.001,0.1511,-10.0139,0.2585
1340,58945,32931840,340.4525,0.6827,0.6328,1374.2,0.0,0.15,0.85,9.5e-05,0.000244,0.1167,0.3333,91.1167,0.06623,0.0216,0.1429,-10.0092,0.2574
1350,59131,33177600,286.9456,0.6507,0.6219,1357.2,0.0,0.1,0.9,9.5e-05,0.000353,0.1167,0.3667,87.9166,0.065809,0.0011,0.1684,-10.0116,0.2558
1360,59310,33423360,213.8873,0.5194,0.6797,1119.3,0.0,0.15,0.85,9.5e-05,8.1e-05,0.1833,0.2,73.1833,0.064833,-0.0023,0.1291,-10.0603,0.257
1370,59459,33669120,258.9097,0.7392,0.6268,1772.9,0.0,0.45,0.55,4.1e-05,0.00019,0.0667,0.2333,112.4498,0.066895,0.0006,0.1636,-10.0928,0.2559
1380,59624,33914880,205.1939,0.6104,0.6273,1454.7,0.0,0.35,0.65,8.1e-05,0.000217,0.1,0.2333,93.3165,0.066067,0.0603,0.1678,-9.8829,0.2549
1390,59792,34160640,298.691,0.7257,0.6491,1593.8,0.0,0.15,0.85,0.000122,0.00019,0.15,0.2667,103.2666,0.063816,-0.0037,0.1439,-10.1088,0.251
1400,59947,34406400,262.4627,0.6445,0.6439,1423.0,0.0,0.25,0.75,6.8e-05,0.000217,0.1167,0.2667,91.2166,0.062324,0.0116,0.1589,-10.1391,0.2507
1410,60104,34652160,198.7926,0.6427,0.619,1555.7,0.0,0.25,0.75,0.000109,0.000217,0.1333,0.2333,97.6666,0.062107,-0.0017,0.1552,-10.2072,0.2452
1420,60273,34897920,255.3857,0.5701,0.6446,1217.3,0.0,0.15,0.85,0.000109,0.00019,0.15,0.2667,79.65,0.064304,0.0085,0.166,-10.1781,0.2436
1430,60424,35143680,294.4385,0.6781,0.6431,1457.9,0.0,0.2,0.8,6.8e-05,0.000217,0.1167,0.3,95.7332,0.065131,0.0072,0.1495,-10.2321,0.2425
1440,60593,35389440,305.6759,0.6939,0.639,1531.8,0.0,0.25,0.75,6.8e-05,0.000244,0.1,0.3,101.2832,0.064657,0.0054,0.1656,-10.2063,0.2422
1450,60742,35635200,153.7658,0.7457,0.6777,2026.1,0.0,0.45,0.55,4.1e-05,0.000109,0.0667,0.2333,126.6665,0.062961,0.0046,0.1455,-10.2157,0.2396
1460,60899,35880960,242.4824,0.6746,0.6993,1659.1,0.0,0.35,0.65,1.4e-05,0.000109,0.0833,0.2667,110.9498,0.064046,0.0006,0.1287,-10.2497,0.2377
1470,61053,36126720,337.3992,0.6168,0.662,1121.2,0.0,0.15,0.85,4.1e-05,0.000109,0.1167,0.3333,71.1499,0.063327,-0.0001,0.1389,-10.2217,0.2391
1480,61210,36372480,305.9917,0.8031,0.6536,1841.2,0.0,0.2,0.8,5.4e-05,0.00019,0.1,0.3333,116.5833,0.06307,-0.0013,0.1441,-10.2191,0.2378
1490,61359,36618240,210.0317,0.5956,0.6698,1361.9,0.0,0.15,0.85,8.1e-05,0.000244,0.1333,0.3,85.4666,0.06307,-0.0033,0.134,-10.2476,0.2361
1500,61540,36864000,232.8799,0.6549,0.6378,1527.0,0.0,0.3,0.7,6.8e-05,0.000217,0.1,0.2667,96.4832,0.064317,0.0011,0.1615,-10.2651,0.2337
1510,61728,37109760,230.8283,0.6676,0.6647,1579.8,0.0,0.3,0.7,6.8e-05,0.000217,0.0833,0.3,100.5832,0.064969,0.0039,0.1577,-10.2857,0.2311
1520,61917,37355520,293.2055,0.5457,0.6382,1034.6,0.0,0.15,0.85,0.000163,0.000271,0.1333,0.3,67.8999,0.063572,-0.0032,0.157,-10.2254,0.2295
1530,62113,37601280,288.6454,0.5691,0.6503,1092.2,0.0,0.15,0.85,8.1e-05,0.000244,0.1333,0.3,69.0166,0.063504,0.0052,0.1588,-10.3268,0.2273
1540,62327,37847040,252.4373,0.496,0.6603,962.5,0.0,0.15,0.85,0.000149,0.000163,0.1833,0.2,61.3833,0.062554,0.0176,0.1577,-10.2482,0.2254
1550,62526,38092800,226.2043,0.6553,0.6739,1534.2,0.0,0.35,0.65,5.4e-05,0.000109,0.1,0.2333,96.7166,0.063002,-0.0011,0.1367,-10.2818,0.2243
1560,62707,38338560,276.2119,0.5991,0.6609,1198.8,0.0,0.1,0.9,6.8e-05,0.000298,0.1167,0.3667,76.4166,0.063572,0.006,0.1368,-10.2835,0.2243
1570,62877,38584320,255.9332,0.6578,0.6263,1474.1,0.0,0.3,0.7,8.1e-05,0.000136,0.1,0.2667,91.7499,0.063721,0.0474,0.1766,-10.1948,0.2226
1580,63038,38830080,235.8999,0.6939,0.6308,1642.9,0.0,0.3,0.7,5.4e-05,0.000244,0.0667,0.3333,102.1332,0.060805,0.0107,0.1629,-10.2706,0.2219
1590,63192,39075840,243.8591,0.7496,0.6331,1800.4,0.0,0.35,0.65,6.8e-05,0.000271,0.0833,0.2667,111.0833,0.063558,0.0189,0.1683,-10.2816,0.2196
1600,63335,39321600,206.5544,0.7452,0.6998,1841.6,0.0,0.3,0.7,9.5e-05,2.7e-05,0.15,0.1667,111.1666,0.060683,-0.0001,0.132,-10.2533,0.2197
1610,63491,39567360,184.5199,0.6969,0.6756,1759.4,0.0,0.35,0.65,5.4e-05,0.00019,0.1,0.2333,109.8666,0.061998,-0.0021,0.1413,-10.3423,0.2146
1620,63642,39813120,185.0686,0.6598,0.6973,1647.2,0.0,0.4,0.6,1.4e-05,0.000109,0.0667,0.2667,103.3165,0.060493,-0.002,0.1329,-10.3321,0.212
1630,63788,40058880,178.4266,0.713,0.6184,1826.9,0.0,0.4,0.6,5.4e-05,0.000217,0.0667,0.2667,112.0998,0.0625,-0.0022,0.1788,-10.2612,0.2099
1640,63938,40304640,286.0475,0.6539,0.6756,1394.0,0.0,0.2,0.8,4.1e-05,0.00019,0.1167,0.3,89.2999,0.061293,0.0008,0.141,-10.4271,0.2063
1650,64076,40550400,230.6121,0.7443,0.6492,1806.2,0.0,0.4,0.6,4.1e-05,8.1e-05,0.0833,0.2333,111.9999,0.063056,0.008,0.1536,-10.3327,0.2056
1660,64213,40796160,187.9087,0.6654,0.6839,1674.8,0.0,0.3,0.7,2.7e-05,0.000163,0.1,0.2667,102.4833,0.062351,0.019,0.1306,-10.3248,0.2027
1670,64345,41041920,206.5045,0.6141,0.6786,1438.6,0.0,0.35,0.65,5.4e-05,0.000136,0.0667,0.3,89.9332,0.063273,0.0075,0.1512,-10.4912,0.2022
1680,64474,41287680,92.9332,0.646,0.7057,1795.2,0.0,0.4,0.6,1.4e-05,0.000136,0.0333,0.3333,110.7332,0.061022,0.0016,0.1152,-10.3618,0.2008
1690,64614,41533440,222.6263,0.7704,0.6666,1915.6,0.0,0.4,0.6,4.1e-05,0.000136,0.0833,0.2333,117.4665,0.060574,0.0099,0.1407,-10.2931,0.1985
1700,64736,41779200,222.1865,0.775,0.6893,1900.3,0.0,0.35,0.65,1.4e-05,8.1e-05,0.0833,0.2667,115.9666,0.059204,0.0192,0.1193,-10.33,0.1975
1710,64870,42024960,148.1403,0.7202,0.6548,1889.4,0.0,0.4,0.6,2.7e-05,0.00019,0.0333,0.3333,113.2832,0.060547,0.0157,0.1488,-10.34,0.1966
1720,65009,42270720,214.8652,0.6009,0.6751,1315.6,0.0,0.15,0.85,0.000109,8.1e-05,0.15,0.2667,79.6667,0.060642,0.0082,0.113,-10.436,0.1969
1730,65141,42516480,198.7879,0.7492,0.6353,1953.2,0.0,0.45,0.55,6.8e-05,0.000136,0.0833,0.2,121.2832,0.061686,0.0012,0.1559,-10.3629,0.1956
1740,65254,42762240,142.3362,0.8305,0.6683,2311.4,0.0,0.5,0.5,6.8e-05,5.4e-05,0.1,0.1333,138.2832,0.058675,0.0146,0.1221,-10.3901,0.1951
1750,65379,43008000,177.0592,0.7285,0.6841,1865.0,0.0,0.45,0.55,0.0,8.1e-05,0.0667,0.2333,113.0332,0.05938,0.0012,0.1238,-10.3708,0.1942
1760,65498,43253760,89.8689,0.734,0.6818,2083.8,0.0,0.5,0.5,2.7e-05,5.4e-05,0.0667,0.2,124.2999,0.06132,0.0014,0.1226,-10.3513,0.1926
1770,65626,43499520,161.8395,0.6608,0.6469,1711.4,0.0,0.35,0.65,8.1e-05,0.000163,0.1167,0.2,104.3165,0.060493,0.0,0.1568,-10.4311,0.1905
1780,65753,43745280,134.3598,0.7361,0.676,1984.4,0.0,0.5,0.5,0.0,0.000109,0.0333,0.2667,117.0999,0.059882,0.0168,0.1417,-10.3646,0.1883
1790,65898,43991040,121.7027,0.7655,0.6322,2102.2,0.0,0.45,0.55,4.1e-05,0.000163,0.0833,0.2,124.9665,0.061117,-0.0026,0.1571,-10.3396,0.1879
1800,66017,44236800,93.1481,0.7238,0.6722,2042.9,0.0,0.55,0.45,1.4e-05,8.1e-05,0.05,0.2,120.5499,0.060655,0.0006,0.1266,-10.3931,0.1855
1810,66141,44482560,71.6742,0.7474,0.6981,2148.6,0.0,0.5,0.5,1.4e-05,8.1e-05,0.0167,0.3,126.9999,0.059679,0.0139,0.1166,-10.379,0.1848
1820,66266,44728320,124.3053,0.7688,0.6993,2079.9,0.0,0.45,0.55,1.4e-05,0.000136,0.0333,0.3,123.5499,0.059489,0.0164,0.1007,-10.3805,0.1837
1830,66410,44974080,183.9345,0.6246,0.6422,1491.9,0.0,0.2,0.8,9.5e-05,0.000136,0.1667,0.2,87.8167,0.060913,0.0009,0.1241,-10.5419,0.1818
1840,66533,45219840,137.8922,0.8102,0.6657,2192.9,0.0,0.3,0.7,2.7e-05,0.000163,0.0333,0.4,130.2,0.062988,0.017,0.1207,-10.5122,0.1802
1850,66670,45465600,76.4774,0.7345,0.6344,2141.5,0.0,0.5,0.5,2.7e-05,0.000109,0.05,0.2333,128.9832,0.062269,-0.0024,0.1453,-10.5703,0.1786
1860,66801,45711360,115.8018,0.6824,0.651,1857.2,0.0,0.4,0.6,6.8e-05,5.4e-05,0.1333,0.1333,112.1165,0.058485,0.0233,0.1349,-10.5003,0.1788
1870,66930,45957120,214.1526,0.5591,0.6773,1193.1,0.0,0.2,0.8,1.4e-05,0.000298,0.0333,0.4667,72.7666,0.062609,0.0249,0.1445,-10.63,0.1792
1880,67073,46202880,107.6684,0.5724,0.6864,1504.7,0.0,0.3,0.7,6.8e-05,0.000109,0.1333,0.2,90.7999,0.059516,0.0174,0.1137,-10.5796,0.1775
1890,67190,46448640,-2.6863,0.7689,0.6744,2391.9,0.0,0.65,0.35,0.0,0.000109,0.0167,0.2,140.5165,0.059177,0.0674,0.1174,-10.511,0.1766
1900,67326,46694400,165.7523,0.7115,0.6327,1832.2,0.0,0.4,0.6,5.4e-05,0.000109,0.1,0.2,111.1832,0.060642,0.0162,0.1381,-10.7129,0.1763
1910,67464,46940160,192.6335,0.6247,0.6231,1491.2,0.0,0.25,0.75,8.1e-05,0.000136,0.1333,0.2333,91.0833,0.06075,0.0009,0.1301,-10.7056,0.176
1920,67590,47185920,160.9544,0.681,0.624,1690.1,0.0,0.35,0.65,2.7e-05,0.000136,0.0333,0.3667,98.75,0.060398,0.0145,0.1438,-10.7791,0.175
1930,67729,47431680,120.9444,0.6901,0.6264,1838.8,0.0,0.4,0.6,2.7e-05,0.000163,0.05,0.3,109.5166,0.058621,0.0084,0.1346,-10.6934,0.1731
1940,67861,47677440,69.3027,0.5661,0.6504,1570.5,0.0,0.35,0.65,5.4e-05,0.000136,0.0833,0.2667,93.6832,0.059096,0.0176,0.1149,-10.7613,0.1728
1950,67984,47923200,103.8145,0.6164,0.6214,1626.7,0.0,0.3,0.7,4.1e-05,0.000163,0.0833,0.3,96.3166,0.059353,0.0015,0.1196,-10.7416,0.1706
1960,68111,48168960,29.9418,0.7053,0.6111,2094.7,0.0,0.5,0.5,4.1e-05,0.000109,0.0833,0.1667,124.5499,0.060221,0.0062,0.1463,-10.7639,0.1681
1970,68223,48414720,3.0972,0.6599,0.6255,1977.9,0.0,0.45,0.55,1.4e-05,0.000109,0.05,0.2667,112.9499,0.058702,0.0007,0.1312,-10.8895,0.1665
1980,68347,48660480,117.0432,0.5426,0.6764,1329.8,0.0,0.25,0.75,1.4e-05,0.000109,0.1167,0.2667,79.1166,0.059462,0.0165,0.1122,-10.8322,0.1653
1990,68494,48906240,152.8411,0.6363,0.6252,1548.1,0.0,0.25,0.75,4.1e-05,0.000163,0.05,0.4,92.3333,0.061293,0.01,0.1189,-10.8796,0.1635
2000,68632,49152000,132.9327,0.6536,0.5894,1655.9,0.0,0.25,0.75,5.4e-05,0.000298,0.0667,0.3667,98.6999,0.058757,-0.0012,0.142,-10.9038,0.1631
2010,68760,49397760,10.3843,0.6484,0.6069,1961.6,0.0,0.5,0.5,4.1e-05,0.000136,0.0667,0.2,116.4332,0.059299,0.0139,0.1416,-10.8142,0.1623
2020,68901,49643520,104.3136,0.7135,0.6241,1952.2,0.0,0.35,0.65,4.1e-05,0.000109,0.05,0.3333,117.2833,0.061917,0.0166,0.1356,-10.977,0.1605
2030,69055,49889280,122.7901,0.6533,0.6151,1681.4,0.0,0.3,0.7,6.8e-05,0.00019,0.0833,0.3,99.1333,0.060669,-0.0008,0.1555,-11.011,0.1591
2040,69176,50135040,-41.946,0.6557,0.6734,2082.9,0.0,0.5,0.5,5.4e-05,5.4e-05,0.0667,0.2,123.3499,0.058865,0.0019,0.1326,-11.0191,0.1584
2050,69328,50380800,182.9655,0.6522,0.6311,1591.2,0.0,0.35,0.65,0.000109,5.4e-05,0.1333,0.1667,96.5332,0.059218,0.016,0.139,-10.9449,0.1571
2060,69465,50626560,25.652,0.746,0.6496,2200.8,0.0,0.45,0.55,1.4e-05,8.1e-05,0.0833,0.2,129.1333,0.05976,0.0184,0.1374,-10.9709,0.1552
2070,69603,50872320,112.1674,0.7022,0.6733,1889.8,0.0,0.45,0.55,1.4e-05,0.000109,0.05,0.2667,110.0832,0.059231,0.0227,0.1214,-10.9133,0.1559
2080,69731,51118080,-47.6034,0.7049,0.667,2233.1,0.0,0.55,0.45,1.4e-05,5.4e-05,0.05,0.2,126.9332,0.059964,0.0145,0.1193,-11.0952,0.1544
2090,69870,51363840,140.4831,0.5331,0.6581,1287.6,0.0,0.35,0.65,8.1e-05,5.4e-05,0.1,0.2333,75.8333,0.058214,-0.0006,0.1094,-11.0659,0.1537
2100,70004,51609600,107.883,0.6641,0.6416,1780.9,0.0,0.45,0.55,5.4e-05,0.000163,0.0833,0.2,105.6665,0.058255,0.0009,0.1402,-11.0985,0.1527
2110,70148,51855360,225.0954,0.6743,0.6146,1528.9,0.0,0.2,0.8,6.8e-05,0.000217,0.0833,0.3667,91.9,0.060086,0.023,0.1231,-11.0166,0.1521
2120,70278,52101120,104.3731,0.7313,0.6326,1963.9,0.0,0.3,0.7,2.7e-05,0.00019,0.05,0.3667,115.4332,0.059055,0.0088,0.1267,-11.089,0.1507
2130,70407,52346880,55.7196,0.7462,0.6507,2164.5,0.0,0.5,0.5,4.1e-05,5.4e-05,0.1,0.1333,126.5499,0.057482,0.006,0.1222,-11.168,0.1512
2140,70547,52592640,43.7008,0.5807,0.6042,1627.0,0.0,0.45,0.55,5.4e-05,0.00019,0.0667,0.2333,92.2999,0.057048,0.0003,0.1503,-11.0414,0.1496
2150,70679,52838400,50.4137,0.723,0.6174,2024.5,0.0,0.4,0.6,1.4e-05,0.000109,0.05,0.3,114.8666,0.05603,0.0017,0.1342,-10.9928,0.15
2160,70792,53084160,33.7576,0.7193,0.6197,2105.9,0.0,0.5,0.5,2.7e-05,0.000109,0.05,0.2333,122.6499,0.055433,0.0195,0.1278,-10.9861,0.1471
2170,70907,53329920,-67.4259,0.7419,0.6373,2419.9,0.0,0.75,0.25,2.7e-05,2.7e-05,0.0667,0.0333,137.8831,0.057956,0.0151,0.1354,-10.9834,0.1449
2180,71033,53575680,1.0795,0.6628,0.6216,1976.7,0.0,0.4,0.6,4.1e-05,0.000163,0.05,0.3,114.2999,0.058458,0.0079,0.1249,-11.0531,0.1443
2190,71168,53821440,20.9451,0.7805,0.613,2255.0,0.0,0.4,0.6,2.7e-05,8.1e-05,0.0833,0.2333,127.8833,0.059502,0.001,0.132,-11.0891,0.1441
2200,71305,54067200,93.6267,0.6174,0.6409,1640.6,0.0,0.4,0.6,2.7e-05,8.1e-05,0.0667,0.2667,95.0499,0.059448,0.0213,0.1242,-11.0776,0.1429
2210,71439,54312960,15.8273,0.6936,0.6362,2087.3,0.0,0.55,0.45,5.4e-05,8.1e-05,0.0667,0.1667,121.0166,0.058648,-0.0022,0.1176,-11.1246,0.1415
2220,71576,54558720,108.6905,0.7065,0.6293,1932.3,0.0,0.5,0.5,2.7e-05,5.4e-05,0.0667,0.2,113.7832,0.058906,-0.0001,0.1536,-11.183,0.1396
2230,71716,54804480,120.595,0.7232,0.6262,1935.4,0.0,0.3,0.7,5.4e-05,0.000244,0.0667,0.3333,114.7,0.060384,0.0121,0.1401,-11.1375,0.139
2240,71851,55050240,54.9522,0.6512,0.6273,1814.2,0.0,0.35,0.65,5.4e-05,0.00019,0.0667,0.3,103.0166,0.056736,0.0145,0.1354,-11.0186,0.1387
2250,71982,55296000,117.865,0.6496,0.6617,1656.2,0.0,0.35,0.65,2.7e-05,0.000136,0.05,0.3333,94.8999,0.060479,0.0015,0.1167,-11.126,0.138
2260,72113,55541760,56.2025,0.6958,0.6497,1957.5,0.0,0.35,0.65,1.4e-05,0.000136,0.0667,0.3,112.0833,0.059218,0.0086,0.1308,-11.0225,0.1368
2270,72258,55787520,19.9985,0.6355,0.621,1837.4,0.0,0.45,0.55,5.4e-05,0.000163,0.0833,0.2,104.3999,0.057699,0.0021,0.1578,-11.0265,0.136
2280,72408,56033280,124.1681,0.7461,0.6466,1982.3,0.0,0.4,0.6,2.7e-05,0.000136,0.0667,0.2667,113.7833,0.058784,0.0151,0.1211,-11.1891,0.1356
2290,72537,56279040,54.7292,0.7211,0.6588,2040.6,0.0,0.45,0.55,0.0,0.000136,0.0167,0.3333,116.3166,0.055895,0.0151,0.1115,-11.0931,0.1356
2300,72674,56524800,112.1156,0.4547,0.6593,1107.1,0.0,0.25,0.75,8.1e-05,0.000109,0.15,0.2,65.7833,0.057861,0.0344,0.1156,-11.0329,0.1346
2310,72799,56770560,80.2919,0.7422,0.666,2108.4,0.0,0.5,0.5,4.1e-05,8.1e-05,0.0833,0.1667,123.6499,0.057916,0.0395,0.1089,-10.9832,0.1347
2320,72945,57016320,76.0235,0.6595,0.6484,1816.9,0.0,0.35,0.65,0.0,0.000163,0.0667,0.3,105.7832,0.056925,0.0012,0.1233,-11.0315,0.1333
2330,73062,57262080,-34.4698,0.6887,0.6363,2112.6,0.0,0.55,0.45,4.1e-05,8.1e-05,0.0833,0.1333,116.8666,0.057115,-0.0001,0.144,-11.0275,0.1335
2340,73201,57507840,54.5389,0.5229,0.6498,1247.2,0.0,0.2,0.8,6.8e-05,0.000244,0.0833,0.3667,64.2166,0.058445,0.0202,0.1453,-10.9861,0.132
2350,73364,57753600,112.1525,0.7583,0.6079,2029.4,0.0,0.4,0.6,4.1e-05,0.00019,0.05,0.3,118.6666,0.061713,-0.0004,0.1501,-11.123,0.1314
2360,73532,57999360,184.6397,0.6492,0.6119,1559.7,0.0,0.25,0.75,9.5e-05,0.000109,0.1667,0.1667,93.05,0.05938,0.0221,0.1535,-11.0422,0.1298
2370,73674,58245120,43.5698,0.6214,0.6521,1770.7,0.0,0.4,0.6,2.7e-05,0.000136,0.05,0.3,102.2833,0.058228,0.015,0.136,-11.1764,0.1283
2380,73850,58490880,162.5326,0.523,0.6146,1204.3,0.0,0.15,0.85,0.000136,0.00019,0.1667,0.2333,70.95,0.05717,0.0034,0.1382,-11.1883,0.1276
2390,74001,58736640,86.1844,0.5935,0.6331,1588.8,0.0,0.4,0.6,4.1e-05,0.000109,0.0833,0.2333,89.1666,0.059001,-0.0014,0.1525,-11.1766,0.127
2400,74185,58982400,212.6213,0.5128,0.6449,1055.7,0.0,0.1,0.9,0.000122,0.000136,0.2,0.2,62.7667,0.057943,0.0025,0.1315,-11.077,0.1267
2410,74376,59228160,260.2094,0.6016,0.6134,1212.6,0.0,0.2,0.8,0.000109,0.000163,0.15,0.2333,71.75,0.060181,0.0124,0.1479,-11.0401,0.1267
2420,74539,59473920,126.4544,0.631,0.6436,1587.7,0.0,0.3,0.7,0.000109,0.000136,0.15,0.1667,90.3666,0.059652,0.0088,0.1519,-11.1104,0.1265
2430,74702,59719680,127.2065,0.6294,0.6665,1600.3,0.0,0.25,0.75,0.000109,8.1e-05,0.15,0.2333,92.8999,0.059801,0.0184,0.1276,-11.1766,0.126
2440,74865,59965440,187.1748,0.7094,0.6096,1740.0,0.0,0.35,0.65,5.4e-05,0.000109,0.1,0.2333,103.0499,0.059123,0.0198,0.1514,-11.1734,0.1255
2450,75026,60211200,98.3024,0.7733,0.5767,2166.1,0.0,0.6,0.4,0.000109,5.4e-05,0.1,0.0667,124.5999,0.058024,0.0021,0.1809,-11.2087,0.1246
2460,75162,60456960,74.7246,0.6987,0.6767,1956.7,0.0,0.4,0.6,5.4e-05,8.1e-05,0.1167,0.1667,110.0833,0.057454,0.0062,0.1251,-11.0918,0.1247
2470,75318,60702720,122.872,0.6216,0.6461,1569.3,0.0,0.3,0.7,5.4e-05,0.000136,0.1,0.2667,89.4833,0.058634,0.008,0.1454,-11.1789,0.1248
2480,75472,60948480,35.1612,0.6898,0.604,1976.6,0.0,0.45,0.55,6.8e-05,0.000217,0.0667,0.2333,111.25,0.057061,0.0056,0.1711,-11.2131,0.1236
2490,75617,61194240,78.8603,0.7078,0.6356,1964.2,0.0,0.45,0.55,2.7e-05,0.000163,0.0333,0.3,115.8499,0.056966,0.0094,0.1333,-11.1955,0.1231
2500,75758,61440000,124.3955,0.6082,0.6621,1521.6,0.0,0.2,0.8,4.1e-05,5.4e-05,0.15,0.2333,87.6,0.058404,0.0264,0.1134,-11.2568,0.1217
2510,75890,61685760,137.2009,0.7324,0.6487,1924.3,0.0,0.45,0.55,5.4e-05,0.000109,0.0833,0.2,112.4166,0.056424,0.0053,0.1275,-11.3801,0.1211
2520,76034,61931520,190.1798,0.6398,0.6043,1454.1,0.0,0.15,0.85,5.4e-05,0.000326,0.0667,0.4333,83.6833,0.058851,0.0045,0.144,-11.2581,0.1197
2530,76154,62177280,65.8595,0.6483,0.6433,1780.4,0.0,0.3,0.7,4.1e-05,0.00019,0.0667,0.3333,102.5666,0.057739,-0.0032,0.1194,-11.4017,0.1191
2540,76293,62423040,174.0294,0.6682,0.6547,1604.8,0.0,0.25,0.75,0.0,5.4e-05,0.0667,0.3667,92.85,0.055976,0.0286,0.1208,-11.2152,0.1184
2550,76431,62668800,75.1174,0.6177,0.6085,1670.6,0.0,0.35,0.65,5.4e-05,0.000298,0.0667,0.3,96.8,0.055203,0.006,0.1602,-11.2916,0.1169
2560,76554,62914560,35.2872,0.679,0.6482,1945.9,0.0,0.55,0.45,2.7e-05,8.1e-05,0.05,0.2,109.1166,0.057102,0.0201,0.1277,-11.3425,0.1162
2570,76670,63160320,18.4794,0.6762,0.6304,1932.5,0.0,0.45,0.55,4.1e-05,0.000109,0.0667,0.2333,106.5333,0.055271,0.0057,0.1323,-11.208,0.1154
2580,76800,63406080,21.3781,0.7521,0.656,2157.9,0.0,0.45,0.55,1.4e-05,8.1e-05,0.05,0.2667,121.4166,0.05466,-0.0016,0.1226,-11.2627,0.1151
2590,76931,63651840,154.6988,0.6448,0.639,1588.3,0.0,0.4,0.6,2.7e-05,8.1e-05,0.0667,0.2667,89.5499,0.055176,0.0032,0.1262,-11.264,0.1144
2600,77059,63897600,-3.4673,0.6939,0.6554,2046.8,0.0,0.55,0.45,1.4e-05,0.000109,0.0167,0.2667,111.4333,0.056003,0.0456,0.1299,-11.0607,0.1135
2610,77180,64143360,-33.8005,0.6263,0.6857,1899.9,0.0,0.35,0.65,1.4e-05,5.4e-05,0.0667,0.3,105.1,0.055759,0.0242,0.0969,-11.2415,0.1143
2620,77298,64389120,50.6998,0.6215,0.6552,1738.1,0.0,0.45,0.55,5.4e-05,0.000109,0.0833,0.2,96.3666,0.054769,-0.0025,0.1275,-11.2523,0.1131
2630,77407,64634880,-59.1327,0.6884,0.6605,2152.1,0.0,0.5,0.5,4.1e-05,0.000109,0.05,0.2333,115.3334,0.053982,0.0267,0.1114,-11.1844,0.1113
2640,77531,64880640,117.2225,0.7109,0.6386,1826.3,0.0,0.4,0.6,6.8e-05,0.000136,0.0833,0.2333,101.8499,0.053399,0.0127,0.1134,-11.1925,0.1106
2650,77649,65126400,-29.88,0.6982,0.6563,2094.3,0.0,0.35,0.65,4.1e-05,8.1e-05,0.0833,0.2667,110.0834,0.054633,0.0059,0.1053,-11.1283,0.1104
2660,77771,65372160,30.7568,0.7168,0.6081,2066.2,0.0,0.5,0.5,5.4e-05,0.000136,0.0833,0.1667,115.3999,0.056261,-0.0013,0.1468,-11.121,0.1093
2670,77872,65617920,-22.1253,0.7514,0.6664,2272.9,0.0,0.5,0.5,1.4e-05,8.1e-05,0.05,0.2333,124.8666,0.053385,0.0018,0.1221,-11.2059,0.1086
2680,77988,65863680,46.805,0.7467,0.6598,2117.3,0.0,0.4,0.6,0.0,0.000163,0.05,0.3,115.9667,0.053874,0.021,0.1062,-11.143,0.1075
2690,78101,66109440,-16.7371,0.7474,0.6568,2258.0,0.0,0.6,0.4,1.4e-05,2.7e-05,0.0333,0.2,121.35,0.053548,0.0068,0.1175,-11.2691,0.1069
2700,78216,66355200,-51.1253,0.6618,0.6314,2071.1,0.0,0.55,0.45,4.1e-05,8.1e-05,0.0833,0.1333,112.6499,0.05329,0.004,0.1333,-11.1587,0.1066
2710,78314,66600960,-66.933,0.7384,0.6438,2299.1,0.0,0.65,0.35,1.4e-05,2.7e-05,0.05,0.1333,122.35,0.053006,0.009,0.1216,-11.1469,0.1051
2720,78421,66846720,-160.4051,0.785,0.6391,2689.1,0.0,0.75,0.25,1.4e-05,2.7e-05,0.0167,0.1333,144.2333,0.052395,0.0019,0.1196,-11.0871,0.104
2730,78522,67092480,-73.1504,0.7118,0.6519,2206.9,0.0,0.6,0.4,0.0,0.000109,0.0167,0.2333,115.1333,0.05188,0.003,0.1036,-11.1185,0.1031
2740,78645,67338240,-47.3793,0.6151,0.651,1927.8,0.0,0.6,0.4,5.4e-05,5.4e-05,0.0833,0.1,104.3999,0.053331,0.0057,0.1165,-11.0857,0.1015
2750,78751,67584000,-86.2088,0.7522,0.6501,2397.1,0.0,0.6,0.4,1.4e-05,2.7e-05,0.0167,0.2333,127.4166,0.052897,0.0079,0.1161,-11.0959,0.1018
2760,78876,67829760,-116.5803,0.7245,0.5824,2364.4,0.0,0.5,0.5,1.4e-05,0.00019,0.0167,0.3,126.7667,0.053223,0.015,0.1434,-11.1331,0.1014
2770,78978,68075520,-21.8355,0.5841,0.6169,1733.6,0.0,0.3,0.7,8.1e-05,0.000217,0.1,0.2667,93.05,0.053942,0.0108,0.1398,-11.1277,0.1003
2780,79098,68321280,-61.1061,0.678,0.6118,2095.7,0.0,0.6,0.4,2.7e-05,5.4e-05,0.0667,0.1333,109.3667,0.050836,0.0012,0.1366,-11.1843,0.0993
2790,79199,68567040,-178.4759,0.6973,0.6502,2396.9,0.0,0.75,0.25,1.4e-05,0.0,0.0167,0.1333,122.15,0.051581,0.0152,0.1014,-11.195,0.099
2800,79305,68812800,-137.2257,0.7043,0.6245,2290.1,0.0,0.6,0.4,1.4e-05,8.1e-05,0.0333,0.2,115.6,0.051554,0.0119,0.1161,-11.1683,0.099
2810,79411,69058560,-187.2572,0.6975,0.613,2418.2,0.0,0.7,0.3,0.0,0.000109,0.0167,0.1667,125.1333,0.052667,0.0274,0.1267,-11.2708,0.099
2820,79516,69304320,-118.1279,0.7152,0.6523,2321.3,0.0,0.6,0.4,1.4e-05,5.4e-05,0.0833,0.1,122.2333,0.052043,0.0405,0.0934,-11.0819,0.0987
2830,79631,69550080,-84.7938,0.6863,0.631,2175.2,0.0,0.55,0.45,1.4e-05,5.4e-05,0.0167,0.2667,113.1,0.052544,0.0081,0.1193,-11.1536,0.0982
2840,79746,69795840,0.6405,0.5983,0.6495,1720.8,0.0,0.4,0.6,2.7e-05,8.1e-05,0.05,0.3,92.8833,0.052341,0.0042,0.1093,-11.2945,0.0986
2850,79864,70041600,-64.8258,0.7366,0.6167,2327.5,0.0,0.6,0.4,1.4e-05,0.000109,0.0333,0.2,125.1666,0.051961,0.018,0.1356,-11.2711,0.0984
2860,79985,70287360,-30.3369,0.7008,0.6418,2112.1,0.0,0.6,0.4,0.0,2.7e-05,0.05,0.1667,110.25,0.053792,0.012,0.1305,-11.2875,0.0989
2870,80099,70533120,-3.7077,0.6665,0.6316,1950.3,0.0,0.45,0.55,2.7e-05,0.000109,0.0833,0.2,103.7666,0.054172,0.0174,0.1164,-11.2705,0.0985
2880,80204,70778880,-34.4245,0.6417,0.6519,1997.8,0.0,0.5,0.5,5.4e-05,2.7e-05,0.1,0.1333,107.9666,0.053209,-0.0005,0.1214,-11.3435,0.0982
2890,80315,71024640,4.7773,0.5659,0.6565,1621.5,0.0,0.35,0.65,2.7e-05,8.1e-05,0.0333,0.3667,87.3,0.051866,0.0138,0.1057,-11.268,0.0974
2900,80429,71270400,-84.9179,0.7449,0.6152,2424.9,0.0,0.7,0.3,0.0,0.000136,0.0,0.2,130.4332,0.052762,0.0394,0.1596,-11.2585,0.0969
2910,80533,71516160,-86.9798,0.7057,0.6761,2256.9,0.0,0.55,0.45,1.4e-05,8.1e-05,0.0333,0.2333,120.35,0.052653,0.016,0.0904,-11.4913,0.0967
2920,80654,71761920,-29.3692,0.6733,0.6397,2033.1,0.0,0.4,0.6,1.4e-05,8.1e-05,0.0667,0.2667,108.1334,0.050334,0.0032,0.1088,-11.3832,0.0965
2930,80765,72007680,-54.4417,0.7169,0.6194,2218.0,0.0,0.6,0.4,2.7e-05,0.000109,0.05,0.1667,115.6833,0.048842,0.0096,0.1097,-11.3684,0.0963
2940,80881,72253440,-139.711,0.646,0.5764,2141.6,0.0,0.6,0.4,1.4e-05,8.1e-05,0.05,0.1667,109.7334,0.051554,0.0063,0.1521,-11.3748,0.0965
2950,80985,72499200,-82.8201,0.6816,0.6272,2161.7,0.0,0.65,0.35,0.0,2.7e-05,0.0,0.2333,113.0833,0.051364,0.0117,0.118,-11.2445,0.0956
2960,81088,72744960,-190.9778,0.7273,0.6088,2498.1,0.0,0.65,0.35,0.0,8.1e-05,0.0333,0.1667,126.1167,0.051297,0.013,0.1202,-11.2436,0.095
2970,81191,72990720,-123.3822,0.6812,0.6021,2265.9,0.0,0.6,0.4,1.4e-05,5.4e-05,0.0333,0.2,120.1833,0.050686,-0.0016,0.1229,-11.246,0.0941
2980,81292,73236480,-283.3698,0.7299,0.6076,2698.5,0.0,0.7,0.3,2.7e-05,5.4e-05,0.0333,0.1333,129.6668,0.048475,0.0034,0.11,-11.3153,0.0937
2990,81397,73482240,-123.4179,0.6376,0.6071,2084.2,0.0,0.5,0.5,1.4e-05,0.000109,0.05,0.2333,101.8667,0.048014,0.0025,0.0959,-11.2297,0.0925
3000,81501,73728000,-216.1606,0.7396,0.6115,2544.4,0.0,0.65,0.35,1.4e-05,5.4e-05,0.0167,0.2,122.6835,0.049357,0.0064,0.1036,-11.2519,0.0924
3010,81600,73973760,-328.8419,0.7639,0.6084,2924.9,0.0,0.9,0.1,1.4e-05,0.0,0.0167,0.0333,143.3334,0.049628,0.0267,0.0981,-11.1988,0.0923
3020,81693,74219520,-276.1462,0.7219,0.5994,2680.1,0.0,0.85,0.15,1.4e-05,0.0,0.0167,0.0667,131.5834,0.046509,0.0013,0.1152,-11.2163,0.0909
3030,81794,74465280,-258.5131,0.7124,0.6026,2558.1,0.0,0.8,0.2,0.0,0.0,0.0,0.1333,118.7168,0.047078,0.0045,0.1153,-11.168,0.091
3040,81897,74711040,-238.7297,0.6044,0.5792,2238.1,0.0,0.7,0.3,1.4e-05,8.1e-05,0.0333,0.1333,107.0501,0.045776,0.029,0.1233,-11.1834,0.0915
3050,81987,74956800,-279.7608,0.7151,0.5759,2657.8,0.0,0.8,0.2,0.0,2.7e-05,0.0167,0.1,125.8001,0.046875,0.0093,0.121,-11.2699,0.0915
3060,82088,75202560,-300.7895,0.69,0.5715,2619.6,0.0,0.8,0.2,0.0,2.7e-05,0.0,0.1333,122.9501,0.048041,0.0055,0.1276,-11.1613,0.0911
3070,82180,75448320,-389.0944,0.6617,0.5789,2701.1,0.0,0.9,0.1,0.0,0.0,0.0167,0.0333,126.4501,0.045953,0.0105,0.1232,-11.0835,0.0908
3080,82273,75694080,-323.1596,0.7197,0.6164,2703.6,0.0,0.8,0.2,1.4e-05,2.7e-05,0.0167,0.1,123.5835,0.045044,0.0213,0.0991,-11.1595,0.0907
3090,82370,75939840,-218.863,0.6839,0.6109,2408.2,0.0,0.6,0.4,0.0,5.4e-05,0.0,0.2667,116.8834,0.046414,0.0464,0.1031,-11.0667,0.091
3100,82475,76185600,-233.0595,0.681,0.5931,2436.1,0.0,0.65,0.35,1.4e-05,2.7e-05,0.0333,0.1667,114.7001,0.045085,0.0137,0.1026,-11.161,0.0898
3110,82579,76431360,-191.0887,0.6474,0.5541,2243.0,0.0,0.6,0.4,2.7e-05,0.000163,0.0333,0.2,106.0335,0.047119,0.0131,0.1348,-11.2868,0.0899
3120,82675,76677120,-243.8245,0.6328,0.602,2296.2,0.0,0.6,0.4,0.0,2.7e-05,0.0333,0.2,106.9001,0.045112,0.0141,0.0975,-11.2231,0.0903
3130,82780,76922880,-335.8419,0.6652,0.6109,2598.6,0.0,0.8,0.2,0.0,2.7e-05,0.0167,0.1,118.3834,0.048598,0.0135,0.1003,-11.2513,0.0904
3140,82881,77168640,-333.2114,0.6444,0.5683,2465.4,0.0,0.75,0.25,1.4e-05,5.4e-05,0.0167,0.1333,112.5001,0.045166,0.0142,0.1384,-11.4047,0.0901
3150,82998,77414400,-157.6338,0.6297,0.5528,2092.1,0.0,0.5,0.5,1.4e-05,8.1e-05,0.0667,0.2,93.8168,0.046115,0.018,0.1336,-11.3104,0.0902
3160,83094,77660160,-245.8219,0.678,0.5694,2442.6,0.0,0.55,0.45,1.4e-05,8.1e-05,0.05,0.2,114.8335,0.045614,0.0104,0.099,-11.3089,0.0897
3170,83193,77905920,-290.3206,0.6376,0.5526,2409.2,0.0,0.7,0.3,0.0,2.7e-05,0.0167,0.1667,111.5501,0.044515,0.0174,0.1154,-11.4534,0.0894
3180,83286,78151680,-321.28,0.5674,0.5683,2235.9,0.0,0.6,0.4,0.0,0.000109,0.05,0.1667,95.3168,0.044881,0.0145,0.1173,-11.4179,0.0888
3190,83379,78397440,-367.1716,0.691,0.5744,2749.6,0.0,0.8,0.2,0.0,2.7e-05,0.0167,0.1,124.4835,0.044759,0.0009,0.1039,-11.3679,0.0882
3200,83480,78643200,-384.5963,0.7005,0.5443,2753.9,0.0,0.8,0.2,1.4e-05,8.1e-05,0.0167,0.1,122.4502,0.044976,0.0029,0.1131,-11.3858,0.0878
3210,83569,78888960,-351.6644,0.6135,0.591,2471.7,0.0,0.75,0.25,0.0,8.1e-05,0.0,0.1667,112.3502,0.042942,0.0035,0.1031,-11.4249,0.0875
3220,83675,79134720,-365.7781,0.6764,0.5762,2709.1,0.0,0.75,0.25,1.4e-05,8.1e-05,0.0167,0.1333,125.3501,0.0456,0.0042,0.1001,-11.5385,0.0876
3230,83783,79380480,-286.8261,0.6253,0.5374,2338.1,0.0,0.65,0.35,4.1e-05,8.1e-05,0.0667,0.1,103.5668,0.044488,0.0002,0.1097,-11.4291,0.0871
3240,83874,79626240,-432.4287,0.6753,0.5502,2776.4,0.0,0.9,0.1,0.0,2.7e-05,0.0,0.0667,123.8002,0.044746,0.0142,0.1284,-11.5511,0.0867
3250,83965,79872000,-451.4578,0.6827,0.542,2872.6,0.0,0.95,0.05,0.0,0.0,0.0,0.0333,126.2502,0.042236,0.0008,0.1288,-11.5626,0.0867
3260,84064,80117760,-379.9164,0.6329,0.5541,2551.9,0.0,0.75,0.25,1.4e-05,2.7e-05,0.05,0.0667,105.7669,0.044556,0.0039,0.1084,-11.5504,0.0861
3270,84167,80363520,-402.8317,0.6223,0.531,2545.6,0.0,0.75,0.25,1.4e-05,5.4e-05,0.0333,0.1,107.3502,0.041233,0.0071,0.1156,-11.5544,0.0856
3280,84261,80609280,-328.6131,0.6663,0.5374,2556.2,0.0,0.75,0.25,0.0,5.4e-05,0.0,0.1667,110.0168,0.042752,0.0166,0.1136,-11.363,0.0851
3290,84361,80855040,-416.2653,0.6603,0.5045,2625.6,0.0,0.8,0.2,4.1e-05,2.7e-05,0.05,0.0333,109.6336,0.044434,0.0406,0.1415,-11.4552,0.0845
3300,84452,81100800,-273.0113,0.6207,0.5701,2286.1,0.0,0.5,0.5,0.0,5.4e-05,0.0333,0.2667,96.9001,0.041477,0.0091,0.0819,-11.5719,0.0844
3310,84557,81346560,-401.982,0.6346,0.538,2598.1,0.0,0.75,0.25,1.4e-05,5.4e-05,0.0167,0.1333,111.8502,0.043104,0.0076,0.1141,-11.5014,0.0838
3320,84652,81592320,-406.9659,0.6439,0.5596,2629.2,0.0,0.8,0.2,0.0,0.0,0.0333,0.0667,112.0502,0.04187,0.0312,0.1021,-11.419,0.0836
3330,84752,81838080,-388.947,0.6016,0.5266,2441.8,0.0,0.65,0.35,1.4e-05,0.000136,0.0167,0.2,105.9002,0.043945,0.026,0.1123,-11.3588,0.0832
3340,84850,82083840,-376.2313,0.6172,0.5347,2449.1,0.0,0.7,0.3,0.0,8.1e-05,0.0167,0.1667,102.5502,0.043877,0.0014,0.1213,-11.5246,0.0829
3350,84941,82329600,-422.9498,0.6645,0.5585,2668.3,0.0,0.65,0.35,0.0,0.000109,0.0,0.2333,114.8002,0.043823,0.0056,0.0747,-11.5316,0.0824
3360,85036,82575360,-377.1451,0.6375,0.5449,2531.2,0.0,0.75,0.25,0.0,2.7e-05,0.05,0.0667,102.1502,0.042304,0.005,0.1027,-11.6391,0.0818
3370,85130,82821120,-345.8723,0.5927,0.5251,2385.1,0.0,0.7,0.3,2.7e-05,8.1e-05,0.0333,0.1333,103.6835,0.039985,0.0026,0.1087,-11.5135,0.0812
3380,85225,83066880,-482.5264,0.6147,0.5262,2629.8,0.0,0.85,0.15,0.0,2.7e-05,0.0167,0.0667,105.3836,0.043023,0.0143,0.1015,-11.6837,0.081
3390,85319,83312640,-500.2855,0.6626,0.4901,2915.3,0.0,0.9,0.1,0.0,2.7e-05,0.0167,0.0333,122.7169,0.03833,0.011,0.1237,-11.5168,0.0807
3400,85408,83558400,-530.3085,0.6076,0.525,2731.1,0.0,0.85,0.15,1.4e-05,2.7e-05,0.0167,0.0667,106.5836,0.037516,0.0138,0.1074,-11.4633,0.0805
3410,85502,83804160,-470.8205,0.6048,0.5396,2618.9,0.0,0.75,0.25,1.4e-05,5.4e-05,0.0167,0.1333,105.2336,0.038127,0.0047,0.0821,-11.5625,0.0797
3420,85604,84049920,-466.1192,0.5559,0.5251,2330.1,0.0,0.75,0.25,1.4e-05,5.4e-05,0.0167,0.1333,87.2002,0.040188,0.0056,0.0986,-11.5182,0.0795
3430,85694,84295680,-417.26,0.5788,0.5075,2458.2,0.0,0.75,0.25,2.7e-05,5.4e-05,0.0333,0.1,99.8168,0.039876,0.0143,0.1088,-11.659,0.0795
3440,85797,84541440,-546.641,0.6079,0.5014,2793.4,0.0,0.9,0.1,0.0,2.7e-05,0.0,0.0667,109.1835,0.039293,0.0148,0.1316,-11.5815,0.0795
3450,85882,84787200,-587.5939,0.6077,0.528,2788.1,0.0,0.9,0.1,0.0,2.7e-05,0.0,0.0667,98.3335,0.037191,0.0361,0.0872,-11.5273,0.0787
3460,85978,85032960,-538.9139,0.6225,0.4979,2794.9,0.0,0.85,0.15,0.0,8.1e-05,0.0,0.1,105.9169,0.038547,0.0071,0.1139,-11.6314,0.0787
3470,86078,85278720,-502.4123,0.6118,0.4734,2689.1,0.0,0.75,0.25,2.7e-05,2.7e-05,0.0333,0.1,99.1501,0.039171,0.0219,0.1414,-11.8206,0.0783
3480,86163,85524480,-451.1049,0.5738,0.5204,2487.6,0.0,0.65,0.35,1.4e-05,2.7e-05,0.0167,0.2,99.7502,0.039062,0.0031,0.109,-11.6217,0.0782
3490,86267,85770240,-538.7201,0.6072,0.4971,2674.6,0.0,0.8,0.2,0.0,5.4e-05,0.0,0.1333,101.2502,0.038154,0.0081,0.1206,-11.662,0.0777
3500,86360,86016000,-515.865,0.627,0.5081,2736.7,0.0,0.8,0.2,0.0,2.7e-05,0.0167,0.1,97.5168,0.037476,0.0072,0.1101,-11.6788,0.0778
3510,86453,86261760,-555.6306,0.5974,0.4827,2741.6,0.0,0.85,0.15,1.4e-05,5.4e-05,0.0167,0.0667,107.5335,0.039564,0.0041,0.1373,-11.7696,0.0776
3520,86536,86507520,-508.0787,0.6014,0.5364,2729.8,0.0,0.9,0.1,0.0,2.7e-05,0.0167,0.0333,105.3669,0.038845,0.014,0.0927,-11.6308,0.0771
3530,86637,86753280,-543.2889,0.6043,0.5226,2782.7,0.0,0.85,0.15,0.0,2.7e-05,0.0167,0.0667,109.6335,0.038683,0.0137,0.106,-11.6115,0.0769
3540,86731,86999040,-458.078,0.6116,0.5215,2578.4,0.0,0.75,0.25,1.4e-05,5.4e-05,0.0167,0.1333,94.6168,0.036797,0.0015,0.0921,-11.6214,0.0763
3550,86831,87244800,-443.9351,0.5745,0.5128,2437.6,0.0,0.65,0.35,1.4e-05,0.000109,0.0333,0.1667,89.9001,0.039849,-0.0023,0.11,-11.6782,0.0759
3560,86928,87490560,-394.6267,0.5741,0.502,2390.6,0.0,0.7,0.3,4.1e-05,5.4e-05,0.05,0.1,98.6502,0.037448,0.0315,0.1236,-11.5204,0.0756
3570,87020,87736320,-571.2057,0.6072,0.5245,2770.6,0.0,0.9,0.1,1.4e-05,2.7e-05,0.0167,0.0333,105.8502,0.039293,0.0066,0.1022,-11.635,0.0753
3580,87117,87982080,-435.7109,0.5574,0.5224,2408.2,0.0,0.65,0.35,2.7e-05,5.4e-05,0.0667,0.1,94.0835,0.038344,-0.0018,0.0767,-11.5602,0.075
3590,87213,88227840,-562.4656,0.5784,0.521,2652.8,0.0,0.75,0.25,1.4e-05,2.7e-05,0.0167,0.1333,99.1502,0.039863,0.0099,0.1017,-11.7669,0.0745
